id,shelterId,orgId,individualId,amount,whenDonated,recurrence
1,619,,1,790.72,2015-11-20 09:15:36,
2,883,,2,665.57,2015-08-30 14:47:23,
3,358,,3,534.48,2015-11-07 09:38:06,
4,436,,4,833.33,2016-01-14 06:14:01,
5,94,,5,362.3,2015-11-03 09:40:14,
6,600,,6,141.41,2015-12-09 17:13:14,
7,269,,7,744.6,2015-09-23 11:15:08,
8,143,,8,659.75,2016-01-29 18:30:35,
9,604,,9,31.73,2016-03-27 11:55:25,
10,3,,10,312.09,2016-01-17 02:05:41,
11,580,,11,708.43,2015-12-13 22:46:10,
12,180,,12,809.48,2015-12-05 18:38:44,
13,496,,13,410.65,2016-03-04 05:09:46,
14,517,,14,991.67,2016-02-17 03:01:12,
15,473,,15,279.58,2015-10-19 06:57:52,
16,51,,16,44.03,2016-02-13 21:26:19,
17,291,,17,721.62,2016-04-15 14:01:01,
18,667,,18,895.67,2015-10-29 06:47:43,
19,445,,19,962.02,2015-10-14 16:36:07,
20,252,,20,77.0,2015-12-28 22:29:23,
21,865,,21,210.4,2015-12-13 10:50:22,
22,498,,22,441.55,2015-09-13 06:10:34,
23,224,,23,366.39,2015-07-06 20:59:36,
24,54,,24,44.57,2015-08-02 09:34:53,
25,694,,25,673.36,2016-04-25 20:08:50,
26,345,,26,441.09,2016-02-04 13:01:51,
27,676,,27,846.63,2015-07-06 06:38:55,
28,864,,28,460.24,2015-07-17 07:12:22,
29,381,,29,940.76,2015-12-27 06:17:34,
30,270,,30,153.1,2016-02-12 20:10:56,
31,364,,31,267.73,2016-02-25 20:46:03,
32,929,,32,787.26,2015-12-21 20:53:41,
33,174,,33,680.94,2015-06-29 14:05:47,
34,829,,34,106.95,2016-03-16 07:46:59,
35,375,,35,804.99,2015-12-26 23:39:44,
36,224,,36,842.06,2016-03-24 13:17:36,
37,539,,37,3.08,2015-12-07 22:06:13,
38,705,,38,906.9,2016-03-05 11:07:08,
39,479,,39,958.78,2016-01-11 23:36:22,
40,285,,40,49.2,2016-03-21 22:40:57,
41,595,,41,658.76,2016-05-26 21:53:19,
42,219,,42,472.25,2015-06-27 03:41:05,
43,240,,43,118.86,2015-11-04 16:03:57,
44,303,,44,457.67,2015-09-07 22:29:45,
45,135,,45,734.57,2016-03-14 04:21:32,
46,127,,46,383.71,2015-05-29 09:27:17,
47,621,,47,352.3,2016-01-25 18:25:21,
48,718,,48,288.03,2016-03-12 05:05:19,
49,685,,49,41.67,2016-01-23 20:24:47,
50,663,,50,863.03,2015-10-07 12:06:44,
51,851,,51,763.73,2015-10-05 15:39:09,
52,825,,52,6.83,2015-12-06 23:09:30,
53,584,,53,64.38,2015-06-12 21:40:09,
54,747,,54,531.53,2015-10-15 09:07:39,
55,521,,55,169.55,2016-01-12 19:59:28,
56,225,,56,568.76,2016-04-23 10:34:25,
57,1,,57,462.38,2016-03-18 01:55:58,
58,160,,58,125.53,2015-07-20 15:11:16,
59,319,,59,237.74,2016-04-15 03:20:27,
60,411,,60,953.52,2016-01-15 04:54:03,
61,86,,61,844.69,2016-05-26 13:59:53,
62,59,,62,917.12,2015-06-03 04:53:54,
63,595,,63,665.56,2015-08-29 21:02:38,
64,347,,64,233.81,2016-04-04 14:31:19,
65,396,,65,794.9,2015-09-26 13:55:38,
66,312,,66,123.71,2015-09-13 20:59:05,
67,239,,67,290.4,2015-11-27 23:55:26,
68,18,,68,572.01,2015-11-11 20:59:04,
69,198,,69,627.4,2016-01-31 10:12:12,
70,263,,70,556.11,2015-06-08 21:31:54,
71,193,,71,166.96,2016-02-03 04:16:16,
72,247,,72,632.19,2015-08-01 14:44:06,
73,366,,73,765.44,2015-09-10 14:07:38,
74,234,,74,321.7,2016-04-02 14:56:19,
75,788,,75,314.64,2016-05-12 13:02:58,
76,626,,76,357.36,2016-05-12 10:27:22,
77,227,,77,799.83,2015-07-04 22:55:12,
78,241,,78,531.91,2015-12-02 20:52:43,
79,439,,79,423.01,2016-05-25 19:37:57,
80,810,,80,734.21,2015-09-03 16:54:12,
81,923,,81,204.68,2015-08-14 21:10:13,
82,530,,82,179.34,2015-08-13 21:21:53,
83,872,,83,684.05,2016-01-20 23:32:39,
84,285,,84,19.7,2016-01-05 12:19:03,
85,989,,85,597.5,2016-02-19 05:16:13,
86,73,,86,841.35,2015-10-30 22:56:43,
87,444,,87,795.23,2016-01-01 18:09:46,
88,606,,88,990.04,2016-01-19 18:13:23,
89,190,,89,20.05,2016-04-09 20:33:11,
90,884,,90,864.96,2016-05-03 01:07:31,
91,463,,91,242.47,2015-10-12 17:12:01,
92,165,,92,212.55,2016-05-20 03:05:17,
93,543,,93,246.46,2016-04-22 02:57:30,
94,344,,94,7.7,2016-03-14 20:09:51,
95,523,,95,191.62,2015-06-10 18:01:45,
96,780,,96,608.27,2015-07-10 16:39:04,
97,968,,97,611.79,2015-08-11 14:18:29,
98,393,,98,335.93,2016-02-22 07:52:45,
99,332,,99,602.55,2016-04-13 00:16:24,
100,302,,100,708.4,2016-05-08 07:29:47,
101,738,,101,787.1,2015-11-24 15:30:34,
102,901,,102,911.48,2015-06-30 05:45:17,
103,657,,103,755.52,2015-08-17 22:32:09,
104,686,,104,954.06,2016-02-18 09:43:23,
105,363,,105,505.14,2016-04-07 04:12:16,
106,239,,106,464.89,2016-04-17 21:43:37,
107,405,,107,658.33,2015-09-24 23:20:28,
108,592,,108,696.92,2015-09-10 13:03:59,
109,495,,109,788.65,2016-01-21 20:19:00,
110,601,,110,103.15,2015-11-25 22:11:16,
111,352,,111,194.84,2016-04-05 00:38:53,
112,92,,112,298.61,2016-04-13 20:51:36,
113,172,,113,138.05,2015-11-29 01:02:19,
114,428,,114,43.22,2016-04-03 16:33:57,
115,903,,115,845.37,2015-11-23 08:04:33,
116,741,,116,870.87,2015-08-02 03:10:04,
117,519,,117,530.3,2015-09-05 14:19:58,
118,144,,118,546.7,2016-01-08 09:16:07,
119,872,,119,789.57,2016-02-01 01:22:10,
120,208,,120,512.72,2015-10-15 19:47:08,
121,721,,121,230.87,2016-05-08 03:00:41,
122,826,,122,520.32,2016-03-01 17:02:20,
123,662,,123,113.91,2016-01-02 03:05:24,
124,628,,124,227.04,2015-12-23 08:40:34,
125,524,,125,392.79,2015-09-28 03:55:26,
126,90,,126,98.37,2015-10-03 15:40:53,
127,821,,127,938.58,2015-07-06 17:24:07,
128,950,,128,673.18,2015-12-07 10:07:36,
129,462,,129,169.39,2015-08-24 04:53:46,
130,430,,130,63.49,2015-05-28 15:04:49,
131,415,,131,628.61,2015-09-18 16:19:45,
132,450,,132,255.3,2016-05-04 23:19:04,
133,823,,133,298.76,2015-09-06 01:35:08,
134,107,,134,846.84,2015-05-28 03:15:15,
135,735,,135,574.79,2015-12-27 21:54:07,
136,16,,136,544.51,2015-07-21 19:29:16,
137,511,,137,707.85,2015-11-02 06:30:51,
138,552,,138,327.04,2015-12-02 07:25:04,
139,815,,139,729.13,2016-04-13 05:36:30,
140,697,,140,130.07,2016-04-03 14:43:40,
141,748,,141,890.7,2015-09-11 15:30:33,
142,679,,142,747.4,2015-12-21 22:04:06,
143,641,,143,323.5,2015-06-03 19:51:41,
144,300,,144,706.93,2016-02-21 20:44:16,
145,948,,145,704.17,2015-12-07 09:01:01,
146,833,,146,109.74,2015-08-08 17:24:43,
147,586,,147,308.96,2015-11-28 02:44:13,
148,239,,148,1.9,2016-04-01 01:35:08,
149,154,,149,387.85,2015-11-02 05:25:51,
150,138,,150,593.68,2015-09-29 20:57:50,
151,974,,151,665.62,2016-03-10 08:42:01,
152,570,,152,966.29,2016-03-03 01:37:41,
153,596,,153,169.85,2016-01-17 08:21:10,
154,225,,154,491.86,2016-02-01 13:40:29,
155,387,,155,948.81,2016-04-22 06:40:16,
156,858,,156,81.19,2016-04-03 01:30:31,
157,26,,157,836.95,2015-11-11 20:10:33,
158,983,,158,774.37,2015-09-14 15:46:49,
159,522,,159,109.16,2016-04-23 22:24:49,
160,40,,160,274.49,2015-07-24 04:55:59,
161,84,,161,826.18,2016-04-05 07:59:19,
162,482,,162,522.94,2016-05-01 19:17:26,
163,391,,163,837.99,2015-09-17 05:45:31,
164,265,,164,770.46,2015-08-05 18:28:20,
165,457,,165,693.18,2015-08-29 12:55:43,
166,202,,166,55.23,2016-01-13 00:24:27,
167,201,,167,778.34,2015-10-24 13:05:23,
168,303,,168,706.02,2015-09-11 12:32:37,
169,546,,169,396.6,2016-03-29 06:49:13,
170,586,,170,161.66,2015-10-09 17:46:00,
171,99,,171,521.57,2015-09-19 17:05:23,
172,352,,172,760.63,2015-07-18 14:44:06,
173,669,,173,459.0,2016-01-19 08:06:20,
174,416,,174,223.28,2015-08-08 16:13:29,
175,741,,175,469.25,2015-09-21 16:04:35,
176,534,,176,31.79,2015-09-06 06:49:49,
177,927,,177,952.98,2016-01-15 18:06:31,
178,562,,178,977.58,2016-01-17 04:01:16,
179,880,,179,798.7,2015-05-31 04:44:27,
180,612,,180,579.17,2015-09-09 12:24:48,
181,521,,181,78.88,2015-07-04 13:07:43,
182,780,,182,607.51,2015-09-18 06:23:16,
183,394,,183,846.22,2015-12-10 05:50:00,
184,893,,184,728.23,2015-07-14 23:18:32,
185,896,,185,230.78,2016-03-29 03:21:01,
186,130,,186,662.88,2015-10-22 03:00:47,
187,975,,187,777.98,2015-12-24 08:48:48,
188,665,,188,494.13,2016-01-12 01:00:44,
189,898,,189,148.61,2016-04-16 21:46:33,
190,906,,190,855.49,2016-02-08 05:29:07,
191,616,,191,981.56,2015-10-31 06:56:02,
192,222,,192,337.65,2016-03-02 13:14:09,
193,450,,193,460.7,2015-10-13 13:00:08,
194,674,,194,555.97,2016-04-24 12:14:01,
195,338,,195,239.13,2016-01-23 09:22:38,
196,583,,196,33.73,2015-08-19 13:43:50,
197,908,,197,903.0,2015-10-22 02:02:05,
198,470,,198,165.72,2015-09-23 11:54:12,
199,900,,199,726.55,2016-05-03 13:27:07,
200,731,,200,173.53,2015-06-04 19:25:49,
201,965,,201,62.01,2015-07-01 07:54:36,
202,539,,202,223.04,2015-07-30 21:35:58,
203,10,,203,907.83,2016-02-07 12:50:03,
204,761,,204,24.15,2016-01-30 09:45:54,
205,823,,205,339.82,2015-06-27 17:45:16,
206,941,,206,607.55,2015-08-09 10:11:46,
207,870,,207,721.61,2016-02-06 00:25:26,
208,420,,208,737.1,2015-10-18 02:47:37,
209,164,,209,434.8,2015-08-14 23:00:37,
210,351,,210,732.53,2016-03-03 16:28:07,
211,517,,211,763.03,2015-09-29 01:56:36,
212,312,,212,927.49,2016-05-02 10:00:34,
213,631,,213,949.59,2015-10-21 11:48:46,
214,244,,214,234.25,2015-07-14 09:54:39,
215,959,,215,235.24,2015-07-15 00:10:25,
216,894,,216,899.6,2015-08-12 09:56:03,
217,606,,217,397.65,2015-09-28 11:59:17,
218,55,,218,510.62,2015-06-05 01:47:54,
219,152,,219,998.76,2016-05-06 20:20:39,
220,240,,220,149.71,2016-01-28 13:50:49,
221,924,,221,474.69,2015-08-24 20:45:35,
222,245,,222,256.09,2015-10-08 21:03:06,
223,187,,223,22.02,2015-09-12 02:51:56,
224,397,,224,693.94,2015-06-16 19:26:21,
225,675,,225,754.62,2016-03-09 02:40:32,
226,79,,226,83.84,2016-02-05 07:31:57,
227,229,,227,198.56,2015-08-21 08:20:56,
228,559,,228,751.42,2016-04-28 10:30:26,
229,239,,229,851.5,2015-10-30 02:36:49,
230,951,,230,964.16,2015-06-27 06:05:10,
231,151,,231,591.89,2015-06-22 21:17:31,
232,405,,232,56.07,2015-12-18 22:14:50,
233,891,,233,490.6,2015-07-21 03:01:21,
234,365,,234,324.8,2015-06-20 17:13:37,
235,589,,235,828.67,2015-11-18 13:11:31,
236,165,,236,977.88,2015-10-18 06:36:12,
237,485,,237,157.58,2015-12-03 02:37:07,
238,165,,238,843.33,2016-02-14 04:28:40,
239,537,,239,633.69,2016-01-16 03:19:21,
240,136,,240,414.83,2015-09-25 08:49:12,
241,583,,241,22.67,2016-05-12 15:46:59,
242,781,,242,233.08,2015-05-30 20:55:59,
243,812,,243,964.85,2015-10-23 02:20:02,
244,363,,244,957.05,2015-12-31 07:45:12,
245,816,,245,208.02,2016-03-30 07:15:53,
246,848,,246,313.25,2016-05-10 03:58:13,
247,89,,247,655.98,2015-12-06 01:20:08,
248,206,,248,119.2,2016-03-24 07:16:39,
249,107,,249,414.05,2015-12-27 12:25:03,
250,152,,250,520.76,2015-07-06 21:23:53,
