id,departmentId,start,"""end"""
1,593,2015-12-14 07:27:11,2015-12-14 15:27:11 UTC
2,540,2015-09-17 11:57:08,2015-09-17 19:57:08 UTC
3,301,2016-01-16 17:45:44,2016-01-17 01:45:44 UTC
4,485,2016-02-26 04:43:47,2016-02-26 12:43:47 UTC
5,232,2016-03-03 18:05:14,2016-03-04 02:05:14 UTC
6,308,2015-05-31 00:53:56,2015-05-31 08:53:56 UTC
7,27,2015-12-19 17:52:31,2015-12-20 01:52:31 UTC
8,853,2015-12-05 23:07:31,2015-12-06 07:07:31 UTC
9,71,2015-09-13 21:47:47,2015-09-14 05:47:47 UTC
10,735,2015-08-27 16:55:49,2015-08-28 00:55:49 UTC
11,390,2016-05-24 09:06:36,2016-05-24 17:06:36 UTC
12,727,2016-03-24 16:05:53,2016-03-25 00:05:53 UTC
13,317,2016-01-15 13:00:19,2016-01-15 21:00:19 UTC
14,954,2015-08-07 18:53:12,2015-08-08 02:53:12 UTC
15,735,2016-04-23 07:41:08,2016-04-23 15:41:08 UTC
16,589,2015-05-30 10:33:02,2015-05-30 18:33:02 UTC
17,935,2016-03-07 15:36:55,2016-03-07 23:36:55 UTC
18,767,2015-06-06 02:33:22,2015-06-06 10:33:22 UTC
19,387,2016-05-15 19:37:02,2016-05-16 03:37:02 UTC
20,735,2016-01-12 13:17:40,2016-01-12 21:17:40 UTC
21,531,2015-07-14 03:27:17,2015-07-14 11:27:17 UTC
22,640,2016-04-26 22:54:37,2016-04-27 06:54:37 UTC
23,602,2016-05-15 05:41:07,2016-05-15 13:41:07 UTC
24,176,2015-09-26 03:31:13,2015-09-26 11:31:13 UTC
25,674,2015-06-20 13:52:48,2015-06-20 21:52:48 UTC
26,957,2016-05-21 05:49:31,2016-05-21 13:49:31 UTC
27,644,2015-07-01 14:29:53,2015-07-01 22:29:53 UTC
28,145,2016-02-10 20:42:57,2016-02-11 04:42:57 UTC
29,906,2015-10-20 05:05:35,2015-10-20 13:05:35 UTC
30,397,2015-07-20 22:48:15,2015-07-21 06:48:15 UTC
31,191,2016-04-05 21:28:53,2016-04-06 05:28:53 UTC
32,25,2015-08-07 07:58:12,2015-08-07 15:58:12 UTC
33,443,2015-09-22 01:38:39,2015-09-22 09:38:39 UTC
34,304,2016-04-29 18:12:46,2016-04-30 02:12:46 UTC
35,948,2015-12-05 05:35:56,2015-12-05 13:35:56 UTC
36,567,2015-09-14 15:13:38,2015-09-14 23:13:38 UTC
37,854,2016-01-16 19:01:55,2016-01-17 03:01:55 UTC
38,360,2015-09-04 09:57:19,2015-09-04 17:57:19 UTC
39,742,2015-06-20 02:16:13,2015-06-20 10:16:13 UTC
40,694,2016-02-28 16:58:30,2016-02-29 00:58:30 UTC
41,830,2015-09-18 19:37:28,2015-09-19 03:37:28 UTC
42,21,2015-09-13 07:45:45,2015-09-13 15:45:45 UTC
43,952,2015-09-18 02:50:59,2015-09-18 10:50:59 UTC
44,842,2015-10-05 22:51:22,2015-10-06 06:51:22 UTC
45,37,2016-05-14 03:24:19,2016-05-14 11:24:19 UTC
46,567,2015-09-10 19:48:48,2015-09-11 03:48:48 UTC
47,767,2015-07-26 04:22:09,2015-07-26 12:22:09 UTC
48,281,2016-01-20 19:54:22,2016-01-21 03:54:22 UTC
49,362,2016-02-04 15:20:42,2016-02-04 23:20:42 UTC
50,876,2015-08-31 07:17:08,2015-08-31 15:17:08 UTC
51,989,2015-07-28 05:44:46,2015-07-28 13:44:46 UTC
52,932,2015-12-27 21:53:20,2015-12-28 05:53:20 UTC
53,771,2016-03-30 07:13:09,2016-03-30 15:13:09 UTC
54,79,2015-10-12 06:19:24,2015-10-12 14:19:24 UTC
55,988,2015-12-21 09:32:21,2015-12-21 17:32:21 UTC
56,719,2015-06-04 08:38:08,2015-06-04 16:38:08 UTC
57,110,2015-06-08 05:29:16,2015-06-08 13:29:16 UTC
58,254,2015-09-01 04:51:07,2015-09-01 12:51:07 UTC
59,330,2016-03-21 19:23:47,2016-03-22 03:23:47 UTC
60,715,2015-11-02 12:17:57,2015-11-02 20:17:57 UTC
61,126,2016-04-11 12:41:16,2016-04-11 20:41:16 UTC
62,764,2016-05-26 12:37:17,2016-05-26 20:37:17 UTC
63,930,2015-08-19 09:02:57,2015-08-19 17:02:57 UTC
64,962,2016-01-19 06:10:41,2016-01-19 14:10:41 UTC
65,848,2015-08-03 11:18:25,2015-08-03 19:18:25 UTC
66,759,2016-01-04 08:54:21,2016-01-04 16:54:21 UTC
67,737,2015-11-15 04:46:29,2015-11-15 12:46:29 UTC
68,34,2016-03-01 15:34:33,2016-03-01 23:34:33 UTC
69,558,2015-12-02 16:45:14,2015-12-03 00:45:14 UTC
70,580,2015-12-03 12:31:44,2015-12-03 20:31:44 UTC
71,232,2016-01-03 17:24:13,2016-01-04 01:24:13 UTC
72,558,2016-01-13 00:51:43,2016-01-13 08:51:43 UTC
73,264,2015-12-09 14:10:38,2015-12-09 22:10:38 UTC
74,945,2015-05-30 04:47:32,2015-05-30 12:47:32 UTC
75,449,2015-06-30 01:20:59,2015-06-30 09:20:59 UTC
76,161,2015-06-16 17:20:04,2015-06-17 01:20:04 UTC
77,396,2015-11-02 05:14:49,2015-11-02 13:14:49 UTC
78,763,2016-05-24 07:37:41,2016-05-24 15:37:41 UTC
79,409,2015-12-30 17:49:28,2015-12-31 01:49:28 UTC
80,650,2015-09-04 14:33:51,2015-09-04 22:33:51 UTC
81,229,2015-11-10 08:28:35,2015-11-10 16:28:35 UTC
82,436,2015-08-12 01:09:27,2015-08-12 09:09:27 UTC
83,789,2015-08-04 01:44:06,2015-08-04 09:44:06 UTC
84,628,2015-06-09 03:36:40,2015-06-09 11:36:40 UTC
85,129,2015-10-20 06:30:16,2015-10-20 14:30:16 UTC
86,528,2015-10-09 05:52:29,2015-10-09 13:52:29 UTC
87,533,2016-04-30 09:25:39,2016-04-30 17:25:39 UTC
88,703,2015-12-27 03:40:05,2015-12-27 11:40:05 UTC
89,551,2016-01-21 22:53:05,2016-01-22 06:53:05 UTC
90,419,2015-06-16 18:13:56,2015-06-17 02:13:56 UTC
91,310,2015-12-24 06:08:12,2015-12-24 14:08:12 UTC
92,530,2016-04-23 18:15:03,2016-04-24 02:15:03 UTC
93,615,2015-07-08 15:49:13,2015-07-08 23:49:13 UTC
94,383,2016-01-30 11:51:15,2016-01-30 19:51:15 UTC
95,68,2015-10-16 18:04:01,2015-10-17 02:04:01 UTC
96,891,2016-04-19 03:56:50,2016-04-19 11:56:50 UTC
97,876,2015-06-28 06:13:14,2015-06-28 14:13:14 UTC
98,407,2016-01-13 03:14:35,2016-01-13 11:14:35 UTC
99,787,2015-06-30 13:06:00,2015-06-30 21:06:00 UTC
100,942,2015-07-14 07:15:44,2015-07-14 15:15:44 UTC
101,968,2016-03-09 17:51:32,2016-03-10 01:51:32 UTC
102,877,2015-08-28 12:46:16,2015-08-28 20:46:16 UTC
103,184,2015-05-30 23:38:42,2015-05-31 07:38:42 UTC
104,18,2016-03-26 12:49:44,2016-03-26 20:49:44 UTC
105,188,2015-08-19 23:19:03,2015-08-20 07:19:03 UTC
106,608,2015-07-19 11:06:18,2015-07-19 19:06:18 UTC
107,838,2016-05-19 08:07:15,2016-05-19 16:07:15 UTC
108,580,2015-07-27 13:26:23,2015-07-27 21:26:23 UTC
109,804,2015-11-20 21:08:08,2015-11-21 05:08:08 UTC
110,671,2016-02-18 07:40:20,2016-02-18 15:40:20 UTC
111,741,2016-02-15 09:51:34,2016-02-15 17:51:34 UTC
112,446,2016-01-27 00:29:24,2016-01-27 08:29:24 UTC
113,183,2016-04-22 10:50:35,2016-04-22 18:50:35 UTC
114,653,2015-09-07 08:10:40,2015-09-07 16:10:40 UTC
115,218,2015-11-11 12:51:43,2015-11-11 20:51:43 UTC
116,237,2015-09-03 10:46:26,2015-09-03 18:46:26 UTC
117,183,2015-09-26 22:24:05,2015-09-27 06:24:05 UTC
118,500,2016-03-15 12:07:50,2016-03-15 20:07:50 UTC
119,737,2015-06-07 15:54:11,2015-06-07 23:54:11 UTC
120,501,2015-06-30 23:23:25,2015-07-01 07:23:25 UTC
121,681,2016-05-01 13:20:35,2016-05-01 21:20:35 UTC
122,265,2015-10-10 22:21:35,2015-10-11 06:21:35 UTC
123,415,2016-04-30 01:37:11,2016-04-30 09:37:11 UTC
124,614,2015-12-21 18:38:04,2015-12-22 02:38:04 UTC
125,284,2016-04-27 20:06:20,2016-04-28 04:06:20 UTC
126,795,2015-12-09 00:05:00,2015-12-09 08:05:00 UTC
127,427,2015-10-24 20:22:17,2015-10-25 04:22:17 UTC
128,273,2016-03-29 08:42:05,2016-03-29 16:42:05 UTC
129,572,2016-02-21 02:30:40,2016-02-21 10:30:40 UTC
130,838,2015-08-06 09:12:19,2015-08-06 17:12:19 UTC
131,26,2016-04-25 10:57:18,2016-04-25 18:57:18 UTC
132,170,2015-06-03 11:45:59,2015-06-03 19:45:59 UTC
133,289,2016-03-19 20:04:25,2016-03-20 04:04:25 UTC
134,667,2015-12-06 09:02:34,2015-12-06 17:02:34 UTC
135,13,2016-05-23 17:09:57,2016-05-24 01:09:57 UTC
136,472,2015-11-27 14:11:55,2015-11-27 22:11:55 UTC
137,776,2016-02-23 00:28:06,2016-02-23 08:28:06 UTC
138,766,2016-02-01 22:08:36,2016-02-02 06:08:36 UTC
139,106,2015-08-29 20:26:26,2015-08-30 04:26:26 UTC
140,3,2015-11-04 14:03:31,2015-11-04 22:03:31 UTC
141,478,2015-08-31 10:14:40,2015-08-31 18:14:40 UTC
142,836,2015-08-26 17:09:15,2015-08-27 01:09:15 UTC
143,190,2015-08-12 10:35:25,2015-08-12 18:35:25 UTC
144,353,2015-08-17 12:23:43,2015-08-17 20:23:43 UTC
145,505,2015-08-15 11:24:25,2015-08-15 19:24:25 UTC
146,617,2015-05-29 16:45:05,2015-05-30 00:45:05 UTC
147,985,2015-11-16 11:24:44,2015-11-16 19:24:44 UTC
148,731,2016-04-10 20:46:28,2016-04-11 04:46:28 UTC
149,552,2016-05-06 12:20:21,2016-05-06 20:20:21 UTC
150,368,2016-04-01 10:38:03,2016-04-01 18:38:03 UTC
151,448,2016-04-21 15:03:09,2016-04-21 23:03:09 UTC
152,198,2015-10-01 03:14:32,2015-10-01 11:14:32 UTC
153,914,2015-05-29 17:48:20,2015-05-30 01:48:20 UTC
154,222,2015-12-06 18:54:29,2015-12-07 02:54:29 UTC
155,670,2015-06-15 18:10:02,2015-06-16 02:10:02 UTC
156,362,2015-11-30 00:49:10,2015-11-30 08:49:10 UTC
157,611,2016-02-20 17:56:25,2016-02-21 01:56:25 UTC
158,841,2015-08-25 10:57:25,2015-08-25 18:57:25 UTC
159,670,2016-01-16 20:16:25,2016-01-17 04:16:25 UTC
160,321,2015-10-27 01:28:55,2015-10-27 09:28:55 UTC
161,791,2016-02-03 23:58:42,2016-02-04 07:58:42 UTC
162,457,2015-09-29 20:26:01,2015-09-30 04:26:01 UTC
163,299,2015-07-13 15:51:41,2015-07-13 23:51:41 UTC
164,669,2016-02-24 18:20:00,2016-02-25 02:20:00 UTC
165,111,2015-08-27 22:45:19,2015-08-28 06:45:19 UTC
166,405,2015-06-25 10:46:52,2015-06-25 18:46:52 UTC
167,790,2015-06-26 23:50:50,2015-06-27 07:50:50 UTC
168,169,2015-06-07 12:40:05,2015-06-07 20:40:05 UTC
169,158,2015-11-26 12:12:48,2015-11-26 20:12:48 UTC
170,309,2015-11-13 21:54:21,2015-11-14 05:54:21 UTC
171,294,2016-05-01 18:39:40,2016-05-02 02:39:40 UTC
172,934,2015-06-14 03:51:10,2015-06-14 11:51:10 UTC
173,912,2016-02-13 15:56:01,2016-02-13 23:56:01 UTC
174,266,2015-07-16 00:49:05,2015-07-16 08:49:05 UTC
175,818,2015-11-27 03:41:28,2015-11-27 11:41:28 UTC
176,951,2015-11-09 13:42:41,2015-11-09 21:42:41 UTC
177,762,2016-05-08 00:48:16,2016-05-08 08:48:16 UTC
178,514,2015-10-20 08:44:59,2015-10-20 16:44:59 UTC
179,662,2016-05-22 17:50:30,2016-05-23 01:50:30 UTC
180,672,2015-08-20 22:09:30,2015-08-21 06:09:30 UTC
181,225,2015-06-05 06:51:00,2015-06-05 14:51:00 UTC
182,229,2016-03-27 19:34:37,2016-03-28 03:34:37 UTC
183,234,2016-02-01 18:00:45,2016-02-02 02:00:45 UTC
184,284,2015-10-16 06:23:57,2015-10-16 14:23:57 UTC
185,399,2015-06-25 21:24:02,2015-06-26 05:24:02 UTC
186,876,2015-06-28 12:03:55,2015-06-28 20:03:55 UTC
187,982,2016-04-10 05:14:18,2016-04-10 13:14:18 UTC
188,902,2015-07-25 11:47:05,2015-07-25 19:47:05 UTC
189,632,2016-03-15 17:52:59,2016-03-16 01:52:59 UTC
190,17,2015-08-17 02:48:59,2015-08-17 10:48:59 UTC
191,970,2015-08-22 17:46:04,2015-08-23 01:46:04 UTC
192,6,2015-09-03 09:20:49,2015-09-03 17:20:49 UTC
193,691,2016-05-08 01:16:23,2016-05-08 09:16:23 UTC
194,418,2015-06-25 20:28:05,2015-06-26 04:28:05 UTC
195,704,2015-08-30 22:11:06,2015-08-31 06:11:06 UTC
196,16,2016-01-18 01:50:02,2016-01-18 09:50:02 UTC
197,919,2016-05-27 16:10:41,2016-05-28 00:10:41 UTC
198,678,2015-09-03 21:00:23,2015-09-04 05:00:23 UTC
199,463,2015-11-29 22:07:23,2015-11-30 06:07:23 UTC
200,840,2016-04-20 10:15:44,2016-04-20 18:15:44 UTC
201,150,2015-07-31 07:36:58,2015-07-31 15:36:58 UTC
202,441,2015-09-02 07:29:34,2015-09-02 15:29:34 UTC
203,635,2015-08-03 06:59:57,2015-08-03 14:59:57 UTC
204,141,2015-07-30 02:47:47,2015-07-30 10:47:47 UTC
205,224,2016-02-06 14:30:07,2016-02-06 22:30:07 UTC
206,162,2015-11-17 17:36:52,2015-11-18 01:36:52 UTC
207,293,2015-10-13 03:49:08,2015-10-13 11:49:08 UTC
208,282,2015-12-21 16:55:00,2015-12-22 00:55:00 UTC
209,372,2015-06-18 11:40:55,2015-06-18 19:40:55 UTC
210,298,2015-10-24 21:03:17,2015-10-25 05:03:17 UTC
211,139,2016-03-04 15:25:21,2016-03-04 23:25:21 UTC
212,849,2016-01-18 04:20:04,2016-01-18 12:20:04 UTC
213,945,2015-06-09 15:35:55,2015-06-09 23:35:55 UTC
214,708,2016-01-09 14:39:11,2016-01-09 22:39:11 UTC
215,144,2016-05-15 21:49:48,2016-05-16 05:49:48 UTC
216,505,2016-02-20 22:25:55,2016-02-21 06:25:55 UTC
217,248,2015-06-26 08:53:57,2015-06-26 16:53:57 UTC
218,20,2015-10-06 15:48:53,2015-10-06 23:48:53 UTC
219,9,2015-08-14 00:01:40,2015-08-14 08:01:40 UTC
220,903,2015-10-20 06:26:06,2015-10-20 14:26:06 UTC
221,996,2016-03-21 17:58:27,2016-03-22 01:58:27 UTC
222,50,2015-08-19 10:23:10,2015-08-19 18:23:10 UTC
223,259,2015-12-15 13:07:34,2015-12-15 21:07:34 UTC
224,820,2016-05-22 13:12:03,2016-05-22 21:12:03 UTC
225,974,2016-03-23 05:18:10,2016-03-23 13:18:10 UTC
226,39,2016-01-05 02:43:15,2016-01-05 10:43:15 UTC
227,158,2016-04-22 02:29:40,2016-04-22 10:29:40 UTC
228,315,2015-12-07 18:45:12,2015-12-08 02:45:12 UTC
229,109,2015-08-19 02:34:41,2015-08-19 10:34:41 UTC
230,782,2015-06-24 21:54:28,2015-06-25 05:54:28 UTC
231,174,2016-05-15 00:38:26,2016-05-15 08:38:26 UTC
232,694,2016-04-06 21:31:37,2016-04-07 05:31:37 UTC
233,773,2015-11-20 11:01:44,2015-11-20 19:01:44 UTC
234,858,2015-09-17 16:06:12,2015-09-18 00:06:12 UTC
235,730,2016-01-01 04:12:11,2016-01-01 12:12:11 UTC
236,55,2015-07-19 23:37:13,2015-07-20 07:37:13 UTC
237,516,2016-01-30 14:01:05,2016-01-30 22:01:05 UTC
238,356,2016-01-12 07:05:06,2016-01-12 15:05:06 UTC
239,94,2016-04-08 06:20:57,2016-04-08 14:20:57 UTC
240,137,2016-04-24 16:09:52,2016-04-25 00:09:52 UTC
241,563,2015-06-28 20:32:33,2015-06-29 04:32:33 UTC
242,982,2015-12-24 19:27:58,2015-12-25 03:27:58 UTC
243,411,2015-07-11 05:30:29,2015-07-11 13:30:29 UTC
244,879,2016-04-22 19:32:21,2016-04-23 03:32:21 UTC
245,436,2016-01-28 00:59:58,2016-01-28 08:59:58 UTC
246,756,2016-05-15 12:55:05,2016-05-15 20:55:05 UTC
247,642,2016-04-04 03:20:46,2016-04-04 11:20:46 UTC
248,896,2015-07-09 01:25:09,2015-07-09 09:25:09 UTC
249,597,2016-01-13 07:07:02,2016-01-13 15:07:02 UTC
250,223,2015-11-26 01:34:38,2015-11-26 09:34:38 UTC
251,384,2016-03-06 17:19:06,2016-03-07 01:19:06 UTC
252,226,2016-03-23 04:13:45,2016-03-23 12:13:45 UTC
253,207,2015-10-19 16:12:53,2015-10-20 00:12:53 UTC
254,27,2016-03-11 23:19:53,2016-03-12 07:19:53 UTC
255,173,2016-01-01 13:21:57,2016-01-01 21:21:57 UTC
256,257,2015-12-01 05:59:34,2015-12-01 13:59:34 UTC
257,929,2015-10-30 07:48:26,2015-10-30 15:48:26 UTC
258,49,2016-05-19 04:59:27,2016-05-19 12:59:27 UTC
259,557,2015-10-14 15:58:28,2015-10-14 23:58:28 UTC
260,191,2015-10-31 07:17:42,2015-10-31 15:17:42 UTC
261,659,2015-12-06 15:07:35,2015-12-06 23:07:35 UTC
262,219,2015-10-25 16:26:31,2015-10-26 00:26:31 UTC
263,954,2015-08-20 02:06:35,2015-08-20 10:06:35 UTC
264,79,2015-10-20 16:51:14,2015-10-21 00:51:14 UTC
265,838,2015-12-18 04:24:14,2015-12-18 12:24:14 UTC
266,38,2015-12-06 05:49:03,2015-12-06 13:49:03 UTC
267,992,2015-06-16 11:21:15,2015-06-16 19:21:15 UTC
268,216,2015-11-07 14:11:07,2015-11-07 22:11:07 UTC
269,632,2016-03-13 05:03:03,2016-03-13 13:03:03 UTC
270,169,2015-11-30 23:52:33,2015-12-01 07:52:33 UTC
271,500,2015-06-22 16:10:13,2015-06-23 00:10:13 UTC
272,537,2016-05-19 08:29:26,2016-05-19 16:29:26 UTC
273,367,2016-03-18 02:29:15,2016-03-18 10:29:15 UTC
274,607,2015-12-16 03:35:39,2015-12-16 11:35:39 UTC
275,558,2016-01-19 16:04:42,2016-01-20 00:04:42 UTC
276,229,2015-09-07 16:38:39,2015-09-08 00:38:39 UTC
277,664,2015-08-05 02:45:58,2015-08-05 10:45:58 UTC
278,77,2015-09-27 23:01:43,2015-09-28 07:01:43 UTC
279,771,2015-07-22 03:59:58,2015-07-22 11:59:58 UTC
280,636,2016-05-18 02:31:56,2016-05-18 10:31:56 UTC
281,936,2015-09-06 00:19:00,2015-09-06 08:19:00 UTC
282,327,2016-02-07 12:07:55,2016-02-07 20:07:55 UTC
283,682,2015-06-12 16:38:43,2015-06-13 00:38:43 UTC
284,673,2016-05-01 04:35:25,2016-05-01 12:35:25 UTC
285,359,2015-06-06 18:58:02,2015-06-07 02:58:02 UTC
286,144,2015-06-09 15:42:58,2015-06-09 23:42:58 UTC
287,644,2016-02-24 04:58:51,2016-02-24 12:58:51 UTC
288,908,2015-11-16 13:08:52,2015-11-16 21:08:52 UTC
289,349,2016-03-29 09:27:22,2016-03-29 17:27:22 UTC
290,561,2016-02-04 19:27:12,2016-02-05 03:27:12 UTC
291,394,2015-09-27 17:09:45,2015-09-28 01:09:45 UTC
292,684,2015-11-08 23:11:44,2015-11-09 07:11:44 UTC
293,516,2016-04-26 23:52:23,2016-04-27 07:52:23 UTC
294,887,2015-08-24 07:36:57,2015-08-24 15:36:57 UTC
295,905,2016-05-13 09:52:04,2016-05-13 17:52:04 UTC
296,978,2015-06-15 01:32:59,2015-06-15 09:32:59 UTC
297,729,2016-05-19 07:26:04,2016-05-19 15:26:04 UTC
298,816,2015-09-16 17:03:17,2015-09-17 01:03:17 UTC
299,880,2016-04-27 19:02:19,2016-04-28 03:02:19 UTC
300,378,2016-05-02 17:00:07,2016-05-03 01:00:07 UTC
301,980,2016-04-15 10:08:58,2016-04-15 18:08:58 UTC
302,409,2016-01-04 06:38:15,2016-01-04 14:38:15 UTC
303,6,2015-07-11 18:16:27,2015-07-12 02:16:27 UTC
304,713,2016-03-28 05:55:29,2016-03-28 13:55:29 UTC
305,512,2015-06-18 04:08:32,2015-06-18 12:08:32 UTC
306,758,2015-10-06 16:21:43,2015-10-07 00:21:43 UTC
307,462,2015-10-07 23:27:15,2015-10-08 07:27:15 UTC
308,305,2016-01-20 22:16:54,2016-01-21 06:16:54 UTC
309,810,2015-09-08 13:34:57,2015-09-08 21:34:57 UTC
310,984,2015-10-19 04:58:50,2015-10-19 12:58:50 UTC
311,809,2015-11-28 02:55:30,2015-11-28 10:55:30 UTC
312,350,2016-03-14 08:25:32,2016-03-14 16:25:32 UTC
313,22,2016-04-07 00:47:15,2016-04-07 08:47:15 UTC
314,744,2016-03-03 12:27:18,2016-03-03 20:27:18 UTC
315,319,2016-05-06 23:09:02,2016-05-07 07:09:02 UTC
316,317,2015-09-13 13:43:17,2015-09-13 21:43:17 UTC
317,101,2015-07-15 03:26:13,2015-07-15 11:26:13 UTC
318,740,2015-10-03 21:18:23,2015-10-04 05:18:23 UTC
319,466,2015-10-07 09:30:44,2015-10-07 17:30:44 UTC
320,339,2016-04-16 07:36:29,2016-04-16 15:36:29 UTC
321,387,2015-10-20 11:13:12,2015-10-20 19:13:12 UTC
322,447,2016-01-12 14:38:57,2016-01-12 22:38:57 UTC
323,162,2015-07-29 05:44:47,2015-07-29 13:44:47 UTC
324,647,2015-06-29 16:17:40,2015-06-30 00:17:40 UTC
325,781,2016-04-09 22:58:31,2016-04-10 06:58:31 UTC
326,740,2015-09-15 22:22:34,2015-09-16 06:22:34 UTC
327,173,2015-07-06 11:07:51,2015-07-06 19:07:51 UTC
328,201,2015-09-26 23:27:29,2015-09-27 07:27:29 UTC
329,643,2016-01-07 18:06:26,2016-01-08 02:06:26 UTC
330,23,2015-08-29 18:45:25,2015-08-30 02:45:25 UTC
331,782,2016-02-29 10:50:58,2016-02-29 18:50:58 UTC
332,830,2016-02-09 21:04:55,2016-02-10 05:04:55 UTC
333,674,2016-03-16 14:06:36,2016-03-16 22:06:36 UTC
334,231,2016-04-09 09:31:38,2016-04-09 17:31:38 UTC
335,844,2015-11-23 03:26:41,2015-11-23 11:26:41 UTC
336,446,2015-09-15 21:25:45,2015-09-16 05:25:45 UTC
337,248,2016-05-15 09:42:41,2016-05-15 17:42:41 UTC
338,138,2016-05-10 20:52:16,2016-05-11 04:52:16 UTC
339,674,2015-10-06 16:35:01,2015-10-07 00:35:01 UTC
340,283,2015-09-13 06:29:57,2015-09-13 14:29:57 UTC
341,943,2015-12-31 00:41:34,2015-12-31 08:41:34 UTC
342,83,2016-04-07 12:29:30,2016-04-07 20:29:30 UTC
343,606,2015-09-18 16:46:58,2015-09-19 00:46:58 UTC
344,303,2015-10-31 07:57:30,2015-10-31 15:57:30 UTC
345,883,2015-06-20 19:46:24,2015-06-21 03:46:24 UTC
346,92,2015-06-01 08:17:21,2015-06-01 16:17:21 UTC
347,326,2015-09-23 12:45:59,2015-09-23 20:45:59 UTC
348,730,2015-08-18 03:34:05,2015-08-18 11:34:05 UTC
349,717,2015-12-17 03:46:08,2015-12-17 11:46:08 UTC
350,681,2015-06-15 05:43:23,2015-06-15 13:43:23 UTC
351,774,2015-06-02 19:44:37,2015-06-03 03:44:37 UTC
352,433,2016-04-23 16:13:08,2016-04-24 00:13:08 UTC
353,481,2016-05-09 09:20:36,2016-05-09 17:20:36 UTC
354,281,2016-03-14 16:26:31,2016-03-15 00:26:31 UTC
355,650,2016-02-07 22:20:05,2016-02-08 06:20:05 UTC
356,68,2016-01-04 08:06:37,2016-01-04 16:06:37 UTC
357,365,2015-11-28 19:17:41,2015-11-29 03:17:41 UTC
358,756,2015-08-13 21:10:47,2015-08-14 05:10:47 UTC
359,942,2016-05-27 04:49:33,2016-05-27 12:49:33 UTC
360,753,2016-03-13 23:18:49,2016-03-14 07:18:49 UTC
361,68,2016-04-08 16:48:58,2016-04-09 00:48:58 UTC
362,892,2015-09-02 14:43:22,2015-09-02 22:43:22 UTC
363,105,2016-01-07 09:02:12,2016-01-07 17:02:12 UTC
364,550,2015-12-13 05:11:44,2015-12-13 13:11:44 UTC
365,518,2015-06-17 01:27:02,2015-06-17 09:27:02 UTC
366,920,2015-11-10 08:49:47,2015-11-10 16:49:47 UTC
367,389,2015-08-09 19:16:50,2015-08-10 03:16:50 UTC
368,361,2015-07-09 17:29:17,2015-07-10 01:29:17 UTC
369,966,2016-02-23 16:10:42,2016-02-24 00:10:42 UTC
370,91,2015-06-14 18:27:13,2015-06-15 02:27:13 UTC
371,121,2015-09-09 00:58:28,2015-09-09 08:58:28 UTC
372,32,2015-07-15 17:35:33,2015-07-16 01:35:33 UTC
373,51,2016-02-02 13:03:28,2016-02-02 21:03:28 UTC
374,193,2015-08-07 13:54:57,2015-08-07 21:54:57 UTC
375,655,2015-08-18 14:03:01,2015-08-18 22:03:01 UTC
376,144,2016-03-07 12:22:02,2016-03-07 20:22:02 UTC
377,683,2015-11-24 06:15:22,2015-11-24 14:15:22 UTC
378,840,2015-06-15 23:56:09,2015-06-16 07:56:09 UTC
379,411,2016-04-27 16:36:51,2016-04-28 00:36:51 UTC
380,156,2016-03-02 23:16:43,2016-03-03 07:16:43 UTC
381,445,2016-04-27 10:38:47,2016-04-27 18:38:47 UTC
382,694,2015-06-04 01:29:40,2015-06-04 09:29:40 UTC
383,941,2016-05-20 02:16:47,2016-05-20 10:16:47 UTC
384,102,2015-06-12 04:42:52,2015-06-12 12:42:52 UTC
385,61,2015-11-24 07:24:20,2015-11-24 15:24:20 UTC
386,269,2016-03-30 13:32:54,2016-03-30 21:32:54 UTC
387,933,2016-05-12 19:00:26,2016-05-13 03:00:26 UTC
388,146,2015-07-11 07:49:27,2015-07-11 15:49:27 UTC
389,326,2015-09-30 09:24:19,2015-09-30 17:24:19 UTC
390,730,2016-01-28 13:18:20,2016-01-28 21:18:20 UTC
391,160,2015-07-16 18:39:21,2015-07-17 02:39:21 UTC
392,224,2016-02-11 22:40:49,2016-02-12 06:40:49 UTC
393,599,2015-07-05 14:42:42,2015-07-05 22:42:42 UTC
394,867,2016-02-24 11:33:08,2016-02-24 19:33:08 UTC
395,232,2015-10-05 10:29:26,2015-10-05 18:29:26 UTC
396,567,2015-08-19 16:00:48,2015-08-20 00:00:48 UTC
397,132,2015-10-02 01:04:33,2015-10-02 09:04:33 UTC
398,711,2015-11-02 05:54:12,2015-11-02 13:54:12 UTC
399,695,2015-08-21 10:42:18,2015-08-21 18:42:18 UTC
400,798,2016-05-10 10:58:49,2016-05-10 18:58:49 UTC
401,575,2016-02-13 02:23:14,2016-02-13 10:23:14 UTC
402,688,2015-11-06 11:23:50,2015-11-06 19:23:50 UTC
403,912,2016-03-05 12:57:53,2016-03-05 20:57:53 UTC
404,614,2016-01-03 02:16:34,2016-01-03 10:16:34 UTC
405,504,2016-04-10 05:53:16,2016-04-10 13:53:16 UTC
406,691,2016-02-10 08:48:47,2016-02-10 16:48:47 UTC
407,476,2015-09-30 17:37:36,2015-10-01 01:37:36 UTC
408,326,2016-05-10 06:55:16,2016-05-10 14:55:16 UTC
409,655,2015-06-12 18:45:07,2015-06-13 02:45:07 UTC
410,124,2015-11-28 14:00:32,2015-11-28 22:00:32 UTC
411,212,2016-03-13 04:02:07,2016-03-13 12:02:07 UTC
412,765,2016-05-17 07:07:38,2016-05-17 15:07:38 UTC
413,834,2016-03-08 15:17:00,2016-03-08 23:17:00 UTC
414,607,2016-05-25 09:47:40,2016-05-25 17:47:40 UTC
415,692,2015-11-07 03:04:48,2015-11-07 11:04:48 UTC
416,224,2016-01-14 11:35:38,2016-01-14 19:35:38 UTC
417,958,2015-09-02 06:28:21,2015-09-02 14:28:21 UTC
418,553,2016-03-17 16:53:33,2016-03-18 00:53:33 UTC
419,71,2015-06-19 12:44:24,2015-06-19 20:44:24 UTC
420,465,2015-06-28 07:50:48,2015-06-28 15:50:48 UTC
421,611,2015-06-09 14:01:00,2015-06-09 22:01:00 UTC
422,814,2016-04-26 02:30:16,2016-04-26 10:30:16 UTC
423,739,2015-12-20 12:19:39,2015-12-20 20:19:39 UTC
424,731,2015-08-28 16:36:58,2015-08-29 00:36:58 UTC
425,123,2016-01-18 23:39:25,2016-01-19 07:39:25 UTC
426,647,2016-03-23 05:47:49,2016-03-23 13:47:49 UTC
427,875,2015-09-05 10:02:00,2015-09-05 18:02:00 UTC
428,506,2015-10-02 22:17:53,2015-10-03 06:17:53 UTC
429,741,2015-09-20 19:14:51,2015-09-21 03:14:51 UTC
430,113,2015-09-04 08:20:15,2015-09-04 16:20:15 UTC
431,385,2016-01-12 06:14:31,2016-01-12 14:14:31 UTC
432,833,2016-03-31 19:38:57,2016-04-01 03:38:57 UTC
433,927,2015-11-05 12:00:53,2015-11-05 20:00:53 UTC
434,59,2015-12-01 09:53:41,2015-12-01 17:53:41 UTC
435,819,2015-05-29 16:17:30,2015-05-30 00:17:30 UTC
436,607,2016-01-25 13:54:59,2016-01-25 21:54:59 UTC
437,247,2015-09-09 15:12:50,2015-09-09 23:12:50 UTC
438,137,2015-12-26 20:38:57,2015-12-27 04:38:57 UTC
439,794,2015-06-07 11:41:56,2015-06-07 19:41:56 UTC
440,995,2015-06-11 21:26:10,2015-06-12 05:26:10 UTC
441,591,2015-12-13 11:10:04,2015-12-13 19:10:04 UTC
442,327,2015-07-11 09:33:06,2015-07-11 17:33:06 UTC
443,995,2015-09-11 01:17:11,2015-09-11 09:17:11 UTC
444,134,2015-07-13 02:22:43,2015-07-13 10:22:43 UTC
445,600,2015-10-09 19:24:10,2015-10-10 03:24:10 UTC
446,137,2016-02-23 11:25:44,2016-02-23 19:25:44 UTC
447,600,2016-02-04 20:14:12,2016-02-05 04:14:12 UTC
448,6,2016-03-10 10:59:47,2016-03-10 18:59:47 UTC
449,335,2016-02-15 23:31:39,2016-02-16 07:31:39 UTC
450,681,2016-04-19 16:47:55,2016-04-20 00:47:55 UTC
451,207,2015-11-01 19:12:34,2015-11-02 03:12:34 UTC
452,340,2016-01-03 16:37:18,2016-01-04 00:37:18 UTC
453,348,2015-12-28 01:33:52,2015-12-28 09:33:52 UTC
454,860,2015-11-22 03:48:53,2015-11-22 11:48:53 UTC
455,356,2016-05-20 16:17:33,2016-05-21 00:17:33 UTC
456,822,2015-07-11 01:31:45,2015-07-11 09:31:45 UTC
457,910,2015-06-28 11:15:00,2015-06-28 19:15:00 UTC
458,992,2015-08-07 22:04:53,2015-08-08 06:04:53 UTC
459,825,2015-07-20 17:29:52,2015-07-21 01:29:52 UTC
460,476,2015-08-10 09:40:25,2015-08-10 17:40:25 UTC
461,644,2015-10-07 20:51:15,2015-10-08 04:51:15 UTC
462,949,2015-10-20 05:33:20,2015-10-20 13:33:20 UTC
463,788,2015-09-09 15:20:57,2015-09-09 23:20:57 UTC
464,440,2015-07-01 05:49:45,2015-07-01 13:49:45 UTC
465,724,2015-06-18 21:28:44,2015-06-19 05:28:44 UTC
466,325,2015-12-20 19:52:28,2015-12-21 03:52:28 UTC
467,426,2015-05-28 05:03:36,2015-05-28 13:03:36 UTC
468,251,2015-12-10 12:56:56,2015-12-10 20:56:56 UTC
469,183,2016-01-13 05:48:57,2016-01-13 13:48:57 UTC
470,573,2016-03-28 07:07:52,2016-03-28 15:07:52 UTC
471,713,2016-01-14 16:52:14,2016-01-15 00:52:14 UTC
472,691,2016-05-11 13:11:27,2016-05-11 21:11:27 UTC
473,465,2016-05-10 08:58:04,2016-05-10 16:58:04 UTC
474,669,2015-07-05 06:36:38,2015-07-05 14:36:38 UTC
475,951,2016-02-27 04:58:26,2016-02-27 12:58:26 UTC
476,594,2016-03-18 21:22:48,2016-03-19 05:22:48 UTC
477,803,2016-02-07 01:49:22,2016-02-07 09:49:22 UTC
478,462,2016-02-10 02:40:24,2016-02-10 10:40:24 UTC
479,858,2016-03-16 00:12:31,2016-03-16 08:12:31 UTC
480,682,2015-06-28 06:13:58,2015-06-28 14:13:58 UTC
481,791,2015-06-13 20:39:21,2015-06-14 04:39:21 UTC
482,813,2015-08-22 13:20:52,2015-08-22 21:20:52 UTC
483,198,2016-03-29 04:41:58,2016-03-29 12:41:58 UTC
484,982,2016-05-13 06:49:49,2016-05-13 14:49:49 UTC
485,547,2015-10-15 20:24:41,2015-10-16 04:24:41 UTC
486,324,2016-02-24 17:18:51,2016-02-25 01:18:51 UTC
487,287,2016-01-10 04:24:17,2016-01-10 12:24:17 UTC
488,6,2016-05-18 22:24:48,2016-05-19 06:24:48 UTC
489,854,2015-11-19 23:07:48,2015-11-20 07:07:48 UTC
490,181,2016-04-29 00:55:27,2016-04-29 08:55:27 UTC
491,52,2016-05-08 17:53:10,2016-05-09 01:53:10 UTC
492,349,2016-01-27 12:07:55,2016-01-27 20:07:55 UTC
493,950,2016-01-22 16:32:13,2016-01-23 00:32:13 UTC
494,862,2016-03-28 01:13:38,2016-03-28 09:13:38 UTC
495,227,2016-02-15 19:05:11,2016-02-16 03:05:11 UTC
496,873,2015-10-10 00:11:25,2015-10-10 08:11:25 UTC
497,640,2016-03-19 14:01:13,2016-03-19 22:01:13 UTC
498,224,2016-04-16 11:27:44,2016-04-16 19:27:44 UTC
499,985,2015-11-21 07:09:58,2015-11-21 15:09:58 UTC
500,495,2015-07-13 00:03:19,2015-07-13 08:03:19 UTC
501,791,2015-09-20 04:11:56,2015-09-20 12:11:56 UTC
502,857,2016-01-17 03:29:07,2016-01-17 11:29:07 UTC
503,675,2015-06-17 13:05:47,2015-06-17 21:05:47 UTC
504,797,2016-03-25 09:41:31,2016-03-25 17:41:31 UTC
505,415,2015-11-30 01:57:11,2015-11-30 09:57:11 UTC
506,281,2016-04-19 10:41:38,2016-04-19 18:41:38 UTC
507,126,2015-10-04 06:10:13,2015-10-04 14:10:13 UTC
508,680,2015-10-31 03:21:18,2015-10-31 11:21:18 UTC
509,684,2015-07-19 20:15:56,2015-07-20 04:15:56 UTC
510,91,2015-06-23 10:48:55,2015-06-23 18:48:55 UTC
511,750,2015-09-24 00:01:12,2015-09-24 08:01:12 UTC
512,220,2015-10-09 09:21:02,2015-10-09 17:21:02 UTC
513,275,2015-09-27 06:50:30,2015-09-27 14:50:30 UTC
514,497,2016-03-17 16:00:20,2016-03-18 00:00:20 UTC
515,226,2016-04-04 21:30:10,2016-04-05 05:30:10 UTC
516,552,2015-11-27 21:07:40,2015-11-28 05:07:40 UTC
517,263,2016-01-08 16:33:52,2016-01-09 00:33:52 UTC
518,282,2015-06-12 22:10:32,2015-06-13 06:10:32 UTC
519,239,2015-07-20 07:46:53,2015-07-20 15:46:53 UTC
520,373,2015-06-18 11:33:53,2015-06-18 19:33:53 UTC
521,469,2015-10-21 17:06:22,2015-10-22 01:06:22 UTC
522,942,2015-06-13 06:47:35,2015-06-13 14:47:35 UTC
523,101,2015-07-17 12:29:56,2015-07-17 20:29:56 UTC
524,496,2015-07-21 01:13:45,2015-07-21 09:13:45 UTC
525,522,2016-04-23 20:00:21,2016-04-24 04:00:21 UTC
526,498,2016-03-19 12:13:09,2016-03-19 20:13:09 UTC
527,988,2016-01-28 17:01:07,2016-01-29 01:01:07 UTC
528,992,2016-03-02 22:58:15,2016-03-03 06:58:15 UTC
529,810,2015-08-03 14:35:16,2015-08-03 22:35:16 UTC
530,58,2015-06-05 21:36:12,2015-06-06 05:36:12 UTC
531,291,2015-10-29 07:44:53,2015-10-29 15:44:53 UTC
532,174,2015-12-16 19:23:47,2015-12-17 03:23:47 UTC
533,865,2015-06-19 11:57:15,2015-06-19 19:57:15 UTC
534,957,2015-12-03 10:07:51,2015-12-03 18:07:51 UTC
535,106,2015-08-06 07:40:46,2015-08-06 15:40:46 UTC
536,649,2015-08-20 05:43:50,2015-08-20 13:43:50 UTC
537,908,2015-06-25 10:31:34,2015-06-25 18:31:34 UTC
538,187,2015-09-22 22:29:28,2015-09-23 06:29:28 UTC
539,23,2015-06-21 12:46:06,2015-06-21 20:46:06 UTC
540,937,2016-01-27 01:52:37,2016-01-27 09:52:37 UTC
541,435,2015-06-20 05:34:31,2015-06-20 13:34:31 UTC
542,966,2015-06-06 11:35:24,2015-06-06 19:35:24 UTC
543,519,2015-10-09 15:22:06,2015-10-09 23:22:06 UTC
544,503,2015-07-08 21:47:46,2015-07-09 05:47:46 UTC
545,101,2015-08-31 12:12:25,2015-08-31 20:12:25 UTC
546,962,2015-12-09 14:41:36,2015-12-09 22:41:36 UTC
547,586,2015-11-22 07:33:33,2015-11-22 15:33:33 UTC
548,443,2015-06-30 20:00:43,2015-07-01 04:00:43 UTC
549,709,2015-08-22 03:27:15,2015-08-22 11:27:15 UTC
550,643,2015-11-05 11:00:06,2015-11-05 19:00:06 UTC
551,814,2016-01-21 16:12:09,2016-01-22 00:12:09 UTC
552,401,2015-10-05 11:11:28,2015-10-05 19:11:28 UTC
553,425,2016-01-01 06:35:24,2016-01-01 14:35:24 UTC
554,436,2015-08-22 11:40:12,2015-08-22 19:40:12 UTC
555,176,2016-01-11 18:57:31,2016-01-12 02:57:31 UTC
556,720,2016-01-19 11:04:55,2016-01-19 19:04:55 UTC
557,502,2016-04-05 10:43:58,2016-04-05 18:43:58 UTC
558,383,2016-02-12 12:41:54,2016-02-12 20:41:54 UTC
559,130,2016-02-02 20:44:01,2016-02-03 04:44:01 UTC
560,246,2015-07-11 23:45:44,2015-07-12 07:45:44 UTC
561,407,2015-10-11 12:32:03,2015-10-11 20:32:03 UTC
562,669,2015-07-01 11:39:06,2015-07-01 19:39:06 UTC
563,841,2015-07-06 07:46:00,2015-07-06 15:46:00 UTC
564,54,2015-07-15 16:16:22,2015-07-16 00:16:22 UTC
565,760,2015-07-18 09:55:59,2015-07-18 17:55:59 UTC
566,477,2015-10-30 18:41:16,2015-10-31 02:41:16 UTC
567,937,2015-10-08 11:57:44,2015-10-08 19:57:44 UTC
568,847,2015-06-17 15:16:27,2015-06-17 23:16:27 UTC
569,918,2015-12-21 00:17:08,2015-12-21 08:17:08 UTC
570,755,2016-02-08 01:51:59,2016-02-08 09:51:59 UTC
571,549,2015-10-16 01:30:46,2015-10-16 09:30:46 UTC
572,445,2015-06-11 19:14:38,2015-06-12 03:14:38 UTC
573,131,2015-10-09 21:36:24,2015-10-10 05:36:24 UTC
574,269,2016-03-30 04:27:48,2016-03-30 12:27:48 UTC
575,185,2015-08-28 04:41:45,2015-08-28 12:41:45 UTC
576,298,2015-12-29 10:16:49,2015-12-29 18:16:49 UTC
577,198,2015-06-16 11:58:23,2015-06-16 19:58:23 UTC
578,633,2016-02-15 23:19:19,2016-02-16 07:19:19 UTC
579,823,2016-04-26 02:47:03,2016-04-26 10:47:03 UTC
580,290,2015-06-26 17:13:37,2015-06-27 01:13:37 UTC
581,46,2015-10-18 21:11:03,2015-10-19 05:11:03 UTC
582,814,2015-10-30 22:06:58,2015-10-31 06:06:58 UTC
583,666,2015-11-16 09:15:06,2015-11-16 17:15:06 UTC
584,668,2015-09-22 07:50:26,2015-09-22 15:50:26 UTC
585,310,2015-12-27 01:00:25,2015-12-27 09:00:25 UTC
586,862,2016-01-12 05:27:16,2016-01-12 13:27:16 UTC
587,104,2015-09-28 16:20:57,2015-09-29 00:20:57 UTC
588,686,2015-09-01 22:50:18,2015-09-02 06:50:18 UTC
589,899,2015-11-07 17:26:29,2015-11-08 01:26:29 UTC
590,853,2016-04-26 13:56:13,2016-04-26 21:56:13 UTC
591,990,2015-10-26 01:34:58,2015-10-26 09:34:58 UTC
592,283,2016-05-17 10:18:41,2016-05-17 18:18:41 UTC
593,129,2016-05-09 19:09:04,2016-05-10 03:09:04 UTC
594,805,2016-04-12 04:36:41,2016-04-12 12:36:41 UTC
595,982,2015-06-22 02:19:23,2015-06-22 10:19:23 UTC
596,143,2016-03-02 07:18:50,2016-03-02 15:18:50 UTC
597,466,2016-04-09 04:48:39,2016-04-09 12:48:39 UTC
598,175,2015-08-05 20:13:34,2015-08-06 04:13:34 UTC
599,156,2016-02-26 12:10:14,2016-02-26 20:10:14 UTC
600,660,2015-07-18 19:54:40,2015-07-19 03:54:40 UTC
601,807,2015-09-03 15:15:05,2015-09-03 23:15:05 UTC
602,622,2016-04-14 04:30:41,2016-04-14 12:30:41 UTC
603,547,2015-11-14 13:24:49,2015-11-14 21:24:49 UTC
604,229,2016-05-16 14:30:24,2016-05-16 22:30:24 UTC
605,38,2016-03-06 06:19:56,2016-03-06 14:19:56 UTC
606,884,2016-05-24 10:39:06,2016-05-24 18:39:06 UTC
607,793,2015-07-27 04:34:32,2015-07-27 12:34:32 UTC
608,297,2015-12-23 13:06:15,2015-12-23 21:06:15 UTC
609,514,2016-03-15 13:26:20,2016-03-15 21:26:20 UTC
610,943,2015-07-15 11:13:24,2015-07-15 19:13:24 UTC
611,736,2015-10-07 04:44:01,2015-10-07 12:44:01 UTC
612,728,2016-01-01 16:28:03,2016-01-02 00:28:03 UTC
613,253,2016-05-17 20:08:39,2016-05-18 04:08:39 UTC
614,2,2015-11-28 23:43:26,2015-11-29 07:43:26 UTC
615,309,2015-11-15 15:03:05,2015-11-15 23:03:05 UTC
616,256,2015-10-28 16:54:52,2015-10-29 00:54:52 UTC
617,537,2015-10-21 13:47:21,2015-10-21 21:47:21 UTC
618,338,2015-10-06 07:04:57,2015-10-06 15:04:57 UTC
619,825,2016-04-24 06:20:14,2016-04-24 14:20:14 UTC
620,980,2016-03-26 11:55:15,2016-03-26 19:55:15 UTC
621,388,2015-07-14 18:56:17,2015-07-15 02:56:17 UTC
622,882,2016-05-26 00:16:56,2016-05-26 08:16:56 UTC
623,976,2016-02-06 18:20:51,2016-02-07 02:20:51 UTC
624,454,2015-08-04 19:23:29,2015-08-05 03:23:29 UTC
625,124,2016-04-03 02:09:49,2016-04-03 10:09:49 UTC
626,403,2016-03-03 18:23:12,2016-03-04 02:23:12 UTC
627,922,2015-12-04 22:10:40,2015-12-05 06:10:40 UTC
628,853,2016-02-23 15:47:08,2016-02-23 23:47:08 UTC
629,403,2016-04-27 20:55:58,2016-04-28 04:55:58 UTC
630,437,2016-04-07 04:32:15,2016-04-07 12:32:15 UTC
631,828,2015-10-22 15:58:09,2015-10-22 23:58:09 UTC
632,662,2015-06-18 17:41:18,2015-06-19 01:41:18 UTC
633,721,2015-06-26 14:23:08,2015-06-26 22:23:08 UTC
634,879,2016-01-26 21:31:14,2016-01-27 05:31:14 UTC
635,703,2015-12-16 09:58:14,2015-12-16 17:58:14 UTC
636,444,2015-07-18 13:30:05,2015-07-18 21:30:05 UTC
637,672,2016-02-06 10:39:00,2016-02-06 18:39:00 UTC
638,272,2015-08-16 05:42:06,2015-08-16 13:42:06 UTC
639,105,2015-06-17 21:42:24,2015-06-18 05:42:24 UTC
640,455,2015-09-17 13:02:42,2015-09-17 21:02:42 UTC
641,610,2015-06-01 21:20:37,2015-06-02 05:20:37 UTC
642,325,2015-10-26 17:18:20,2015-10-27 01:18:20 UTC
643,945,2015-11-24 20:58:31,2015-11-25 04:58:31 UTC
644,539,2015-10-11 17:19:40,2015-10-12 01:19:40 UTC
645,481,2015-12-28 15:47:28,2015-12-28 23:47:28 UTC
646,51,2015-12-05 18:32:11,2015-12-06 02:32:11 UTC
647,51,2015-09-18 00:57:57,2015-09-18 08:57:57 UTC
648,654,2015-12-23 18:55:37,2015-12-24 02:55:37 UTC
649,939,2015-06-12 18:04:13,2015-06-13 02:04:13 UTC
650,856,2016-04-14 19:20:46,2016-04-15 03:20:46 UTC
651,429,2015-12-11 11:24:24,2015-12-11 19:24:24 UTC
652,17,2015-11-23 07:56:52,2015-11-23 15:56:52 UTC
653,205,2015-11-23 05:17:04,2015-11-23 13:17:04 UTC
654,269,2015-09-07 13:14:30,2015-09-07 21:14:30 UTC
655,584,2015-05-28 20:14:04,2015-05-29 04:14:04 UTC
656,231,2016-04-26 00:48:00,2016-04-26 08:48:00 UTC
657,765,2015-07-21 01:11:59,2015-07-21 09:11:59 UTC
658,46,2015-07-02 10:36:18,2015-07-02 18:36:18 UTC
659,289,2015-09-08 21:25:29,2015-09-09 05:25:29 UTC
660,428,2015-09-04 13:17:47,2015-09-04 21:17:47 UTC
661,427,2015-12-20 00:51:44,2015-12-20 08:51:44 UTC
662,826,2015-06-17 08:31:20,2015-06-17 16:31:20 UTC
663,961,2015-06-13 02:16:03,2015-06-13 10:16:03 UTC
664,80,2015-07-14 17:15:00,2015-07-15 01:15:00 UTC
665,91,2015-06-11 17:46:25,2015-06-12 01:46:25 UTC
666,930,2015-11-28 00:20:47,2015-11-28 08:20:47 UTC
667,322,2015-08-03 10:29:51,2015-08-03 18:29:51 UTC
668,764,2015-11-02 06:09:00,2015-11-02 14:09:00 UTC
669,867,2016-03-27 07:18:32,2016-03-27 15:18:32 UTC
670,224,2016-04-14 20:37:38,2016-04-15 04:37:38 UTC
671,370,2015-06-21 23:46:30,2015-06-22 07:46:30 UTC
672,210,2016-03-21 00:44:04,2016-03-21 08:44:04 UTC
673,99,2016-04-04 16:39:02,2016-04-05 00:39:02 UTC
674,620,2016-02-15 11:55:39,2016-02-15 19:55:39 UTC
675,765,2015-08-28 10:45:21,2015-08-28 18:45:21 UTC
676,6,2015-12-17 09:23:43,2015-12-17 17:23:43 UTC
677,888,2016-02-21 14:11:11,2016-02-21 22:11:11 UTC
678,439,2016-03-03 03:48:21,2016-03-03 11:48:21 UTC
679,960,2015-08-10 14:50:51,2015-08-10 22:50:51 UTC
680,654,2015-11-24 17:28:17,2015-11-25 01:28:17 UTC
681,265,2016-05-13 21:56:16,2016-05-14 05:56:16 UTC
682,478,2015-08-10 08:41:13,2015-08-10 16:41:13 UTC
683,792,2015-06-15 08:19:06,2015-06-15 16:19:06 UTC
684,152,2016-01-22 05:13:57,2016-01-22 13:13:57 UTC
685,893,2015-12-19 11:16:28,2015-12-19 19:16:28 UTC
686,351,2015-11-25 15:16:01,2015-11-25 23:16:01 UTC
687,212,2015-07-05 01:52:14,2015-07-05 09:52:14 UTC
688,248,2015-07-07 02:45:00,2015-07-07 10:45:00 UTC
689,42,2015-06-10 10:23:41,2015-06-10 18:23:41 UTC
690,26,2016-05-16 19:06:08,2016-05-17 03:06:08 UTC
691,453,2015-12-01 05:16:49,2015-12-01 13:16:49 UTC
692,554,2016-05-22 17:00:51,2016-05-23 01:00:51 UTC
693,414,2015-08-05 01:17:01,2015-08-05 09:17:01 UTC
694,507,2016-02-20 22:59:18,2016-02-21 06:59:18 UTC
695,280,2016-02-27 11:28:06,2016-02-27 19:28:06 UTC
696,707,2016-03-27 10:18:09,2016-03-27 18:18:09 UTC
697,477,2015-06-28 07:31:58,2015-06-28 15:31:58 UTC
698,806,2015-11-06 18:55:03,2015-11-07 02:55:03 UTC
699,602,2016-05-01 17:53:15,2016-05-02 01:53:15 UTC
700,23,2015-06-15 16:22:23,2015-06-16 00:22:23 UTC
701,337,2015-12-16 20:09:40,2015-12-17 04:09:40 UTC
702,252,2015-09-13 23:22:45,2015-09-14 07:22:45 UTC
703,233,2015-12-15 18:45:47,2015-12-16 02:45:47 UTC
704,663,2015-11-04 07:29:36,2015-11-04 15:29:36 UTC
705,457,2015-11-15 22:51:44,2015-11-16 06:51:44 UTC
706,795,2016-04-03 14:45:28,2016-04-03 22:45:28 UTC
707,278,2015-08-11 03:05:26,2015-08-11 11:05:26 UTC
708,472,2015-06-25 02:21:39,2015-06-25 10:21:39 UTC
709,556,2015-11-06 10:52:29,2015-11-06 18:52:29 UTC
710,788,2016-04-17 01:27:11,2016-04-17 09:27:11 UTC
711,36,2016-01-28 12:54:27,2016-01-28 20:54:27 UTC
712,469,2015-12-16 18:52:54,2015-12-17 02:52:54 UTC
713,104,2015-08-13 01:35:14,2015-08-13 09:35:14 UTC
714,873,2016-04-01 18:05:21,2016-04-02 02:05:21 UTC
715,158,2016-04-06 09:07:31,2016-04-06 17:07:31 UTC
716,326,2015-09-29 08:39:27,2015-09-29 16:39:27 UTC
717,781,2015-12-10 06:51:05,2015-12-10 14:51:05 UTC
718,224,2015-11-19 14:26:16,2015-11-19 22:26:16 UTC
719,940,2015-10-14 07:31:46,2015-10-14 15:31:46 UTC
720,675,2016-05-10 16:47:49,2016-05-11 00:47:49 UTC
721,190,2015-06-21 21:07:52,2015-06-22 05:07:52 UTC
722,280,2016-02-02 06:07:28,2016-02-02 14:07:28 UTC
723,891,2016-03-24 02:13:17,2016-03-24 10:13:17 UTC
724,402,2015-12-26 22:21:51,2015-12-27 06:21:51 UTC
725,434,2015-12-16 14:13:49,2015-12-16 22:13:49 UTC
726,490,2015-09-05 10:52:32,2015-09-05 18:52:32 UTC
727,635,2016-05-12 22:04:05,2016-05-13 06:04:05 UTC
728,335,2015-08-12 22:14:59,2015-08-13 06:14:59 UTC
729,670,2016-04-08 16:33:48,2016-04-09 00:33:48 UTC
730,779,2015-07-22 15:33:46,2015-07-22 23:33:46 UTC
731,47,2016-02-07 06:33:29,2016-02-07 14:33:29 UTC
732,694,2015-11-17 18:37:31,2015-11-18 02:37:31 UTC
733,338,2015-06-01 10:02:51,2015-06-01 18:02:51 UTC
734,252,2016-01-14 13:29:46,2016-01-14 21:29:46 UTC
735,768,2016-03-02 10:21:24,2016-03-02 18:21:24 UTC
736,343,2015-12-19 03:52:47,2015-12-19 11:52:47 UTC
737,795,2015-08-04 22:26:21,2015-08-05 06:26:21 UTC
738,327,2016-05-18 00:34:42,2016-05-18 08:34:42 UTC
739,605,2015-11-12 18:00:19,2015-11-13 02:00:19 UTC
740,304,2015-11-22 05:41:59,2015-11-22 13:41:59 UTC
741,543,2015-07-10 06:43:31,2015-07-10 14:43:31 UTC
742,385,2015-12-15 10:57:26,2015-12-15 18:57:26 UTC
743,916,2015-10-04 15:10:33,2015-10-04 23:10:33 UTC
744,175,2016-05-15 22:32:42,2016-05-16 06:32:42 UTC
745,832,2016-01-28 13:17:20,2016-01-28 21:17:20 UTC
746,929,2016-04-10 04:21:04,2016-04-10 12:21:04 UTC
747,101,2015-09-03 21:12:35,2015-09-04 05:12:35 UTC
748,420,2015-10-24 12:39:45,2015-10-24 20:39:45 UTC
749,476,2016-03-02 19:35:09,2016-03-03 03:35:09 UTC
750,115,2015-07-14 21:09:37,2015-07-15 05:09:37 UTC
751,988,2016-01-15 07:30:39,2016-01-15 15:30:39 UTC
752,257,2015-07-31 19:23:44,2015-08-01 03:23:44 UTC
753,722,2015-07-02 17:28:36,2015-07-03 01:28:36 UTC
754,864,2015-09-15 15:55:41,2015-09-15 23:55:41 UTC
755,868,2015-11-10 18:55:33,2015-11-11 02:55:33 UTC
756,891,2016-04-08 01:59:58,2016-04-08 09:59:58 UTC
757,781,2016-01-22 03:43:50,2016-01-22 11:43:50 UTC
758,418,2016-01-23 23:02:26,2016-01-24 07:02:26 UTC
759,948,2015-11-20 02:04:07,2015-11-20 10:04:07 UTC
760,574,2016-03-17 00:38:13,2016-03-17 08:38:13 UTC
761,860,2015-11-10 20:31:31,2015-11-11 04:31:31 UTC
762,725,2015-11-10 07:11:06,2015-11-10 15:11:06 UTC
763,36,2015-12-06 20:45:25,2015-12-07 04:45:25 UTC
764,563,2015-07-01 01:29:49,2015-07-01 09:29:49 UTC
765,595,2016-03-08 02:49:00,2016-03-08 10:49:00 UTC
766,534,2016-04-28 02:38:03,2016-04-28 10:38:03 UTC
767,890,2015-10-28 06:48:16,2015-10-28 14:48:16 UTC
768,842,2016-05-02 16:21:28,2016-05-03 00:21:28 UTC
769,707,2016-02-13 14:09:46,2016-02-13 22:09:46 UTC
770,211,2016-03-20 17:18:05,2016-03-21 01:18:05 UTC
771,970,2016-05-01 15:38:37,2016-05-01 23:38:37 UTC
772,920,2016-03-27 15:46:37,2016-03-27 23:46:37 UTC
773,774,2016-03-04 23:01:47,2016-03-05 07:01:47 UTC
774,683,2016-03-06 09:54:32,2016-03-06 17:54:32 UTC
775,634,2015-11-02 13:51:13,2015-11-02 21:51:13 UTC
776,44,2015-06-12 20:54:18,2015-06-13 04:54:18 UTC
777,396,2016-04-12 04:47:00,2016-04-12 12:47:00 UTC
778,161,2015-08-07 07:33:02,2015-08-07 15:33:02 UTC
779,450,2016-01-16 14:53:09,2016-01-16 22:53:09 UTC
780,507,2015-07-31 11:37:01,2015-07-31 19:37:01 UTC
781,529,2016-03-29 11:23:22,2016-03-29 19:23:22 UTC
782,155,2016-05-06 23:35:17,2016-05-07 07:35:17 UTC
783,462,2015-09-12 00:01:48,2015-09-12 08:01:48 UTC
784,957,2015-07-10 15:34:34,2015-07-10 23:34:34 UTC
785,114,2015-06-08 21:14:55,2015-06-09 05:14:55 UTC
786,375,2015-12-08 06:48:19,2015-12-08 14:48:19 UTC
787,56,2015-10-21 14:22:22,2015-10-21 22:22:22 UTC
788,683,2015-07-04 15:10:30,2015-07-04 23:10:30 UTC
789,842,2016-04-17 02:17:15,2016-04-17 10:17:15 UTC
790,462,2015-10-28 09:17:33,2015-10-28 17:17:33 UTC
791,986,2016-02-23 13:31:17,2016-02-23 21:31:17 UTC
792,325,2016-01-30 13:01:06,2016-01-30 21:01:06 UTC
793,224,2016-02-29 05:02:44,2016-02-29 13:02:44 UTC
794,318,2015-11-13 18:35:39,2015-11-14 02:35:39 UTC
795,942,2015-06-05 07:46:43,2015-06-05 15:46:43 UTC
796,35,2016-03-01 20:29:00,2016-03-02 04:29:00 UTC
797,426,2015-12-01 13:00:01,2015-12-01 21:00:01 UTC
798,437,2015-11-07 02:07:08,2015-11-07 10:07:08 UTC
799,643,2015-12-18 21:54:41,2015-12-19 05:54:41 UTC
800,358,2015-09-25 07:40:03,2015-09-25 15:40:03 UTC
801,389,2016-05-05 08:32:29,2016-05-05 16:32:29 UTC
802,568,2016-02-27 07:37:11,2016-02-27 15:37:11 UTC
803,515,2015-12-27 10:00:44,2015-12-27 18:00:44 UTC
804,90,2016-02-22 08:46:59,2016-02-22 16:46:59 UTC
805,504,2015-11-04 06:48:09,2015-11-04 14:48:09 UTC
806,712,2016-04-18 10:08:35,2016-04-18 18:08:35 UTC
807,573,2015-08-25 19:36:50,2015-08-26 03:36:50 UTC
808,127,2015-09-01 10:56:41,2015-09-01 18:56:41 UTC
809,489,2015-06-22 14:21:31,2015-06-22 22:21:31 UTC
810,975,2016-02-07 14:58:48,2016-02-07 22:58:48 UTC
811,740,2016-04-22 02:33:53,2016-04-22 10:33:53 UTC
812,688,2016-03-21 22:06:44,2016-03-22 06:06:44 UTC
813,164,2015-10-19 07:46:31,2015-10-19 15:46:31 UTC
814,125,2016-05-27 01:10:53,2016-05-27 09:10:53 UTC
815,896,2016-03-09 07:42:18,2016-03-09 15:42:18 UTC
816,701,2016-02-23 18:41:30,2016-02-24 02:41:30 UTC
817,260,2015-11-07 10:02:41,2015-11-07 18:02:41 UTC
818,897,2016-01-03 09:10:34,2016-01-03 17:10:34 UTC
819,550,2016-02-17 03:08:41,2016-02-17 11:08:41 UTC
820,36,2016-03-11 12:31:59,2016-03-11 20:31:59 UTC
821,190,2016-01-08 06:02:23,2016-01-08 14:02:23 UTC
822,873,2015-07-21 14:14:26,2015-07-21 22:14:26 UTC
823,419,2015-08-31 17:26:18,2015-09-01 01:26:18 UTC
824,523,2015-10-18 10:03:18,2015-10-18 18:03:18 UTC
825,596,2016-05-16 23:47:35,2016-05-17 07:47:35 UTC
826,406,2015-07-29 05:17:50,2015-07-29 13:17:50 UTC
827,824,2016-02-11 16:33:30,2016-02-12 00:33:30 UTC
828,700,2015-10-25 19:45:06,2015-10-26 03:45:06 UTC
829,958,2015-07-28 11:15:21,2015-07-28 19:15:21 UTC
830,405,2016-02-02 02:34:12,2016-02-02 10:34:12 UTC
831,55,2016-05-16 19:35:06,2016-05-17 03:35:06 UTC
832,73,2015-12-10 14:56:05,2015-12-10 22:56:05 UTC
833,115,2015-06-13 12:54:19,2015-06-13 20:54:19 UTC
834,80,2016-03-19 22:50:06,2016-03-20 06:50:06 UTC
835,49,2016-03-29 20:15:57,2016-03-30 04:15:57 UTC
836,418,2015-10-29 13:52:08,2015-10-29 21:52:08 UTC
837,221,2015-05-29 19:27:33,2015-05-30 03:27:33 UTC
838,762,2015-06-02 20:37:47,2015-06-03 04:37:47 UTC
839,867,2016-03-27 00:32:42,2016-03-27 08:32:42 UTC
840,399,2016-01-02 18:49:28,2016-01-03 02:49:28 UTC
841,415,2016-03-12 01:10:22,2016-03-12 09:10:22 UTC
842,306,2015-11-17 01:46:15,2015-11-17 09:46:15 UTC
843,469,2015-05-28 20:51:38,2015-05-29 04:51:38 UTC
844,434,2015-08-30 18:32:27,2015-08-31 02:32:27 UTC
845,668,2015-07-10 23:02:30,2015-07-11 07:02:30 UTC
846,764,2015-07-10 13:07:04,2015-07-10 21:07:04 UTC
847,494,2015-12-08 03:14:04,2015-12-08 11:14:04 UTC
848,306,2015-06-15 15:51:11,2015-06-15 23:51:11 UTC
849,248,2016-03-02 22:19:14,2016-03-03 06:19:14 UTC
850,890,2015-10-12 04:47:22,2015-10-12 12:47:22 UTC
851,292,2015-11-20 08:08:28,2015-11-20 16:08:28 UTC
852,650,2016-02-21 23:21:11,2016-02-22 07:21:11 UTC
853,371,2015-10-20 11:10:41,2015-10-20 19:10:41 UTC
854,661,2016-01-10 10:45:40,2016-01-10 18:45:40 UTC
855,761,2016-05-09 08:43:40,2016-05-09 16:43:40 UTC
856,323,2015-06-12 20:07:47,2015-06-13 04:07:47 UTC
857,75,2015-09-22 07:42:54,2015-09-22 15:42:54 UTC
858,870,2016-02-20 01:43:54,2016-02-20 09:43:54 UTC
859,392,2015-10-29 23:22:57,2015-10-30 07:22:57 UTC
860,847,2015-10-26 18:16:58,2015-10-27 02:16:58 UTC
861,125,2016-04-19 14:46:36,2016-04-19 22:46:36 UTC
862,438,2015-12-04 22:20:51,2015-12-05 06:20:51 UTC
863,579,2015-09-10 12:40:35,2015-09-10 20:40:35 UTC
864,789,2015-09-12 08:52:34,2015-09-12 16:52:34 UTC
865,311,2015-06-11 07:35:11,2015-06-11 15:35:11 UTC
866,320,2015-10-26 21:50:51,2015-10-27 05:50:51 UTC
867,992,2015-09-12 22:48:23,2015-09-13 06:48:23 UTC
868,389,2015-07-28 07:38:22,2015-07-28 15:38:22 UTC
869,144,2015-09-04 21:54:40,2015-09-05 05:54:40 UTC
870,708,2015-06-23 00:55:09,2015-06-23 08:55:09 UTC
871,371,2015-09-09 07:09:10,2015-09-09 15:09:10 UTC
872,81,2016-05-24 08:20:56,2016-05-24 16:20:56 UTC
873,761,2015-10-04 02:53:13,2015-10-04 10:53:13 UTC
874,253,2016-04-25 18:34:28,2016-04-26 02:34:28 UTC
875,205,2015-10-07 00:57:10,2015-10-07 08:57:10 UTC
876,539,2015-06-22 08:15:00,2015-06-22 16:15:00 UTC
877,168,2016-02-18 17:13:44,2016-02-19 01:13:44 UTC
878,453,2016-05-11 18:28:52,2016-05-12 02:28:52 UTC
879,889,2015-06-18 06:30:49,2015-06-18 14:30:49 UTC
880,336,2015-12-19 15:33:16,2015-12-19 23:33:16 UTC
881,370,2015-08-11 12:17:37,2015-08-11 20:17:37 UTC
882,962,2016-05-14 09:55:46,2016-05-14 17:55:46 UTC
883,369,2016-01-20 01:10:44,2016-01-20 09:10:44 UTC
884,325,2016-05-20 14:45:36,2016-05-20 22:45:36 UTC
885,307,2016-01-12 21:09:50,2016-01-13 05:09:50 UTC
886,502,2016-02-18 07:34:47,2016-02-18 15:34:47 UTC
887,656,2016-05-18 06:18:09,2016-05-18 14:18:09 UTC
888,734,2015-12-20 17:03:15,2015-12-21 01:03:15 UTC
889,706,2015-08-04 19:12:23,2015-08-05 03:12:23 UTC
890,893,2015-09-18 08:17:57,2015-09-18 16:17:57 UTC
891,701,2016-01-27 00:14:46,2016-01-27 08:14:46 UTC
892,380,2016-05-17 16:01:10,2016-05-18 00:01:10 UTC
893,272,2016-03-03 04:53:58,2016-03-03 12:53:58 UTC
894,735,2016-01-31 10:01:37,2016-01-31 18:01:37 UTC
895,564,2015-08-06 10:13:36,2015-08-06 18:13:36 UTC
896,210,2016-01-14 14:22:45,2016-01-14 22:22:45 UTC
897,469,2016-03-21 22:18:24,2016-03-22 06:18:24 UTC
898,165,2016-04-01 15:29:42,2016-04-01 23:29:42 UTC
899,327,2015-08-28 04:57:04,2015-08-28 12:57:04 UTC
900,542,2015-12-19 19:59:15,2015-12-20 03:59:15 UTC
901,91,2015-11-19 15:31:21,2015-11-19 23:31:21 UTC
902,118,2016-03-23 17:46:18,2016-03-24 01:46:18 UTC
903,498,2015-09-21 22:50:41,2015-09-22 06:50:41 UTC
904,888,2016-04-19 04:31:34,2016-04-19 12:31:34 UTC
905,427,2016-04-13 15:00:55,2016-04-13 23:00:55 UTC
906,260,2015-05-29 21:34:24,2015-05-30 05:34:24 UTC
907,753,2015-12-08 07:27:50,2015-12-08 15:27:50 UTC
908,89,2015-06-01 20:18:34,2015-06-02 04:18:34 UTC
909,227,2016-04-15 17:27:39,2016-04-16 01:27:39 UTC
910,846,2015-11-20 11:30:55,2015-11-20 19:30:55 UTC
911,534,2015-09-16 00:38:43,2015-09-16 08:38:43 UTC
912,163,2015-10-10 19:24:46,2015-10-11 03:24:46 UTC
913,137,2016-05-13 15:18:27,2016-05-13 23:18:27 UTC
914,937,2016-04-22 19:58:11,2016-04-23 03:58:11 UTC
915,609,2016-02-02 02:47:01,2016-02-02 10:47:01 UTC
916,594,2015-08-19 01:41:13,2015-08-19 09:41:13 UTC
917,387,2016-04-27 14:21:53,2016-04-27 22:21:53 UTC
918,584,2016-01-28 10:58:02,2016-01-28 18:58:02 UTC
919,193,2016-04-09 06:35:22,2016-04-09 14:35:22 UTC
920,403,2015-10-07 23:51:51,2015-10-08 07:51:51 UTC
921,482,2016-03-05 21:04:35,2016-03-06 05:04:35 UTC
922,491,2015-07-02 07:52:31,2015-07-02 15:52:31 UTC
923,321,2016-04-10 13:38:44,2016-04-10 21:38:44 UTC
924,994,2015-09-06 17:52:26,2015-09-07 01:52:26 UTC
925,495,2016-03-16 14:12:44,2016-03-16 22:12:44 UTC
926,139,2015-07-15 19:41:08,2015-07-16 03:41:08 UTC
927,993,2015-10-31 21:53:01,2015-11-01 05:53:01 UTC
928,304,2015-12-28 22:04:47,2015-12-29 06:04:47 UTC
929,392,2016-04-06 22:36:42,2016-04-07 06:36:42 UTC
930,691,2016-03-31 04:22:17,2016-03-31 12:22:17 UTC
931,723,2016-01-31 11:15:19,2016-01-31 19:15:19 UTC
932,434,2015-07-02 07:48:04,2015-07-02 15:48:04 UTC
933,410,2015-08-02 19:59:27,2015-08-03 03:59:27 UTC
934,507,2016-01-12 03:14:17,2016-01-12 11:14:17 UTC
935,744,2015-09-24 16:36:28,2015-09-25 00:36:28 UTC
936,22,2015-07-14 17:27:40,2015-07-15 01:27:40 UTC
937,570,2015-08-22 15:06:51,2015-08-22 23:06:51 UTC
938,594,2015-10-19 09:18:09,2015-10-19 17:18:09 UTC
939,876,2015-08-04 04:23:52,2015-08-04 12:23:52 UTC
940,512,2015-06-17 11:47:35,2015-06-17 19:47:35 UTC
941,128,2016-01-10 08:33:34,2016-01-10 16:33:34 UTC
942,656,2015-10-18 19:41:29,2015-10-19 03:41:29 UTC
943,52,2015-10-15 12:41:43,2015-10-15 20:41:43 UTC
944,486,2016-04-25 20:40:22,2016-04-26 04:40:22 UTC
945,369,2015-07-31 00:24:29,2015-07-31 08:24:29 UTC
946,553,2015-11-29 05:59:38,2015-11-29 13:59:38 UTC
947,748,2016-03-03 17:04:19,2016-03-04 01:04:19 UTC
948,820,2015-07-22 23:58:19,2015-07-23 07:58:19 UTC
949,625,2016-01-07 08:29:15,2016-01-07 16:29:15 UTC
950,685,2015-11-05 06:43:59,2015-11-05 14:43:59 UTC
951,548,2015-06-14 10:47:24,2015-06-14 18:47:24 UTC
952,786,2015-10-07 12:13:55,2015-10-07 20:13:55 UTC
953,320,2015-07-07 03:45:41,2015-07-07 11:45:41 UTC
954,701,2016-05-20 22:24:55,2016-05-21 06:24:55 UTC
955,461,2016-04-26 05:05:58,2016-04-26 13:05:58 UTC
956,144,2015-06-02 16:51:25,2015-06-03 00:51:25 UTC
957,299,2015-11-06 06:05:08,2015-11-06 14:05:08 UTC
958,912,2016-01-07 11:58:57,2016-01-07 19:58:57 UTC
959,3,2016-03-06 14:50:19,2016-03-06 22:50:19 UTC
960,107,2015-06-14 16:00:12,2015-06-15 00:00:12 UTC
961,811,2015-10-11 19:14:46,2015-10-12 03:14:46 UTC
962,764,2015-10-13 06:06:14,2015-10-13 14:06:14 UTC
963,507,2016-01-03 01:45:06,2016-01-03 09:45:06 UTC
964,194,2015-12-06 01:29:16,2015-12-06 09:29:16 UTC
965,705,2015-09-10 14:03:17,2015-09-10 22:03:17 UTC
966,458,2015-06-07 04:26:45,2015-06-07 12:26:45 UTC
967,464,2015-12-29 17:04:58,2015-12-30 01:04:58 UTC
968,337,2015-05-28 13:38:59,2015-05-28 21:38:59 UTC
969,638,2015-06-03 22:18:14,2015-06-04 06:18:14 UTC
970,887,2015-07-16 11:47:46,2015-07-16 19:47:46 UTC
971,342,2015-11-20 21:21:03,2015-11-21 05:21:03 UTC
972,354,2016-03-23 01:53:09,2016-03-23 09:53:09 UTC
973,288,2015-07-20 03:36:11,2015-07-20 11:36:11 UTC
974,462,2015-10-21 04:38:29,2015-10-21 12:38:29 UTC
975,643,2016-01-22 01:10:32,2016-01-22 09:10:32 UTC
976,6,2015-10-27 08:57:44,2015-10-27 16:57:44 UTC
977,297,2015-10-31 06:52:55,2015-10-31 14:52:55 UTC
978,718,2016-02-28 11:02:17,2016-02-28 19:02:17 UTC
979,395,2015-10-07 02:08:39,2015-10-07 10:08:39 UTC
980,587,2015-06-09 15:58:09,2015-06-09 23:58:09 UTC
981,914,2015-07-14 01:04:57,2015-07-14 09:04:57 UTC
982,469,2015-10-05 19:14:42,2015-10-06 03:14:42 UTC
983,985,2015-05-29 12:27:52,2015-05-29 20:27:52 UTC
984,471,2015-08-23 06:41:57,2015-08-23 14:41:57 UTC
985,489,2015-09-13 11:14:46,2015-09-13 19:14:46 UTC
986,656,2015-11-18 01:46:59,2015-11-18 09:46:59 UTC
987,708,2015-12-09 23:57:16,2015-12-10 07:57:16 UTC
988,802,2015-06-09 18:13:19,2015-06-10 02:13:19 UTC
989,492,2015-11-11 13:29:51,2015-11-11 21:29:51 UTC
990,217,2015-05-31 01:04:32,2015-05-31 09:04:32 UTC
991,692,2015-10-31 07:52:36,2015-10-31 15:52:36 UTC
992,655,2015-08-20 17:48:53,2015-08-21 01:48:53 UTC
993,450,2016-03-04 01:33:25,2016-03-04 09:33:25 UTC
994,976,2016-04-10 15:20:45,2016-04-10 23:20:45 UTC
995,528,2015-07-05 23:56:55,2015-07-06 07:56:55 UTC
996,999,2016-03-21 02:14:23,2016-03-21 10:14:23 UTC
997,869,2015-08-22 09:29:20,2015-08-22 17:29:20 UTC
998,284,2015-07-11 10:14:08,2015-07-11 18:14:08 UTC
999,703,2015-08-24 22:46:43,2015-08-25 06:46:43 UTC
1000,60,2015-11-02 12:38:34,2015-11-02 20:38:34 UTC
