volunteerId,shiftId
393,314
608,293
167,213
124,650
317,888
239,175
333,654
445,406
580,425
854,550
901,131
697,805
419,641
676,352
982,749
504,90
417,902
399,109
774,633
99,374
146,619
703,844
272,686
733,493
155,113
431,226
168,495
894,969
603,113
54,643
454,438
232,207
994,682
356,372
456,194
981,251
749,756
144,252
891,508
142,645
340,129
518,761
500,608
262,321
71,668
378,40
617,411
491,664
83,677
677,944
464,736
260,866
179,623
487,993
99,835
247,792
963,25
925,199
118,778
645,827
516,753
152,34
616,625
891,376
395,758
96,527
385,74
852,957
496,531
469,982
523,808
37,795
344,455
268,845
601,693
303,896
619,731
237,375
909,177
154,959
680,62
312,312
807,46
389,439
855,660
835,589
111,986
862,442
876,782
544,326
783,524
382,184
834,666
239,778
752,146
204,947
865,970
118,178
927,464
748,852
955,759
866,66
594,120
889,4
25,897
431,764
351,566
539,366
953,935
817,829
579,494
302,493
26,731
563,364
195,883
187,535
828,970
15,898
252,97
276,255
291,989
679,975
531,619
870,827
677,862
431,327
878,271
637,48
132,688
234,582
206,226
478,78
92,839
317,229
160,678
932,217
296,322
149,747
851,34
20,837
330,98
214,948
624,569
907,241
858,356
236,498
998,397
385,977
188,909
54,63
178,232
501,703
743,737
873,105
513,674
709,719
677,96
784,553
186,404
8,411
509,225
906,999
968,33
7,964
816,8
539,299
423,265
280,112
872,358
721,804
496,175
825,502
455,431
368,514
892,299
415,275
193,647
293,856
316,517
727,868
549,81
557,363
542,386
382,571
548,840
462,756
415,422
271,55
195,687
335,531
455,443
288,474
405,978
209,348
662,974
265,268
425,348
678,616
694,963
55,692
820,555
194,120
637,724
714,959
960,569
708,425
35,699
553,588
901,701
343,131
476,972
928,462
291,946
121,377
346,351
436,688
234,432
717,255
578,494
132,973
322,299
925,701
539,918
119,895
845,328
564,31
366,701
879,848
521,720
794,246
672,181
531,629
13,100
196,741
938,663
279,503
850,789
291,684
452,465
992,294
571,279
839,878
84,112
327,3
113,272
946,202
794,508
219,1
102,590
116,2
919,465
702,769
836,11
125,446
595,638
990,513
708,499
261,85
980,978
547,108
904,514
532,466
937,670
759,79
500,380
278,948
686,135
287,286
67,208
893,494
404,30
681,878
791,461
401,732
240,569
377,598
865,635
898,404
209,255
547,861
528,639
829,727
11,152
628,556
49,531
311,341
661,770
636,94
118,485
162,727
353,757
15,86
863,30
237,390
451,68
624,162
28,712
396,286
423,151
610,177
142,455
762,173
964,111
512,934
370,328
483,150
295,945
15,130
825,537
489,733
473,189
572,573
701,315
514,330
204,935
862,499
328,643
582,4
554,85
319,495
662,285
471,526
437,537
385,246
876,334
960,340
96,178
734,396
349,968
874,676
324,271
917,577
81,757
363,548
324,804
714,360
668,293
691,978
130,119
838,500
913,108
991,374
779,987
267,119
695,654
227,61
672,354
787,788
37,906
944,374
859,619
883,474
352,587
735,97
757,248
741,861
366,223
231,397
784,130
506,990
731,476
647,993
841,137
159,820
316,395
744,785
85,94
459,529
521,404
806,438
763,912
870,241
111,55
204,547
91,495
588,843
189,184
726,183
982,558
53,42
644,611
413,154
678,698
478,83
762,722
392,215
297,205
418,525
448,379
256,348
537,80
567,659
578,189
508,153
429,601
162,481
395,141
392,869
774,249
552,141
602,831
752,710
736,737
269,965
958,779
33,68
37,307
388,794
353,878
604,72
872,563
193,188
269,565
998,598
396,540
871,82
145,913
939,179
10,907
497,880
156,979
248,124
641,536
258,185
753,323
71,932
469,403
530,581
520,46
626,731
472,12
85,760
243,539
705,37
664,105
301,382
54,137
4,101
112,348
334,630
918,485
653,339
150,233
265,764
693,618
27,88
498,675
508,410
780,897
178,367
655,321
186,32
907,5
57,526
426,229
37,179
105,330
111,927
758,859
168,195
921,642
12,455
345,795
434,32
64,852
502,26
331,689
179,210
519,704
231,591
118,922
566,852
486,627
83,724
299,112
470,191
13,859
89,74
76,97
189,244
395,399
212,492
848,289
896,974
886,518
817,458
959,988
189,94
674,953
848,690
536,136
190,845
766,177
178,54
349,139
868,306
217,284
101,564
721,421
269,653
955,505
889,152
275,906
851,560
115,692
996,501
553,810
236,281
282,212
399,535
402,849
974,518
245,15
712,613
992,636
159,320
36,961
12,284
710,801
362,305
853,812
21,1
134,619
647,462
81,599
77,94
872,547
265,875
938,388
909,6
191,888
149,599
921,127
553,453
374,815
238,195
98,934
817,945
663,471
183,724
795,253
432,696
534,508
167,341
827,221
857,426
720,638
770,386
182,843
318,638
278,892
270,231
876,416
558,6
710,210
476,35
887,768
655,931
46,969
772,914
661,269
971,922
958,857
984,139
626,169
777,801
776,921
797,41
692,69
105,32
700,693
883,51
282,910
210,699
649,714
931,168
935,700
837,365
574,397
689,850
525,31
243,237
449,45
589,793
299,684
847,400
201,880
362,141
435,611
554,776
29,713
268,519
665,245
458,291
392,237
503,944
613,525
794,607
808,145
582,670
304,621
489,52
853,490
980,71
929,714
13,269
451,636
260,448
595,503
426,490
681,991
97,505
673,703
766,579
295,779
307,87
936,737
753,374
754,39
119,544
38,402
795,367
779,457
983,20
37,533
745,246
44,935
252,918
747,115
133,140
470,69
789,394
274,598
688,817
364,814
979,549
716,355
899,538
205,14
747,2
599,160
927,668
945,915
284,990
809,955
245,723
665,432
269,828
492,670
767,384
150,397
401,80
273,5
987,558
247,684
267,841
300,90
230,972
60,401
849,567
479,894
196,320
302,12
329,940
689,413
527,217
94,646
437,451
799,798
557,702
393,119
73,353
457,893
737,539
523,387
773,584
333,291
51,862
602,496
370,607
464,863
919,640
354,270
976,284
79,107
579,579
508,876
156,721
482,782
763,60
518,795
428,978
661,382
846,482
77,347
63,112
266,358
412,153
533,660
29,547
227,30
209,823
145,552
763,315
68,73
561,706
221,901
860,558
568,977
932,900
345,836
271,697
701,719
616,51
428,209
784,333
382,373
416,627
325,586
775,208
575,33
555,898
174,63
459,376
770,139
720,167
719,614
208,728
72,936
770,3
403,656
442,968
833,270
843,378
287,522
113,730
950,48
846,194
659,273
42,446
896,880
422,987
140,413
593,709
177,733
68,991
683,841
422,981
151,300
764,717
827,628
235,181
307,699
876,588
142,849
39,696
276,361
424,528
53,200
633,976
522,904
491,621
223,306
143,926
348,565
916,385
50,263
620,676
950,970
178,380
849,140
522,189
915,887
236,467
532,721
342,266
587,756
603,510
841,120
973,624
95,407
89,246
133,200
361,171
919,781
216,413
746,865
202,355
219,135
420,953
863,684
551,416
318,280
453,857
87,18
424,696
899,427
496,948
498,250
131,970
542,212
83,216
240,887
108,617
407,793
734,772
629,299
496,937
919,90
232,322
778,437
26,540
700,612
587,47
781,762
441,914
704,778
628,920
802,771
922,770
144,649
673,505
717,706
406,947
793,852
404,702
535,615
984,45
963,916
753,5
791,159
825,192
132,932
58,526
535,611
121,820
803,707
94,221
558,746
549,236
200,131
960,914
372,229
57,493
761,764
63,184
808,111
633,413
883,40
458,526
291,801
524,859
314,567
284,780
268,145
757,438
981,46
864,821
865,119
754,360
185,621
945,489
54,928
493,245
456,526
420,497
893,266
844,432
507,649
651,280
223,8
837,806
940,591
789,747
399,105
781,757
477,188
958,61
874,337
549,180
346,245
771,209
983,669
149,878
462,717
154,989
318,834
73,608
157,340
547,169
168,397
666,808
211,903
986,765
333,882
568,919
895,100
720,799
813,317
535,646
95,144
190,666
86,556
788,799
92,951
197,250
579,607
394,259
809,99
148,944
416,584
986,431
409,176
859,477
921,512
380,640
49,333
308,147
688,239
103,127
486,177
384,985
715,81
749,472
672,99
50,400
43,135
638,517
692,658
937,694
625,894
828,412
677,207
314,86
461,811
101,524
215,966
200,541
891,34
888,543
933,869
969,208
564,479
758,298
829,510
679,193
136,455
548,362
825,188
288,566
812,233
173,219
804,4
673,276
957,143
147,125
439,530
483,678
345,438
220,537
442,866
847,496
328,679
166,804
555,617
547,550
832,648
921,839
111,109
344,734
764,458
63,650
254,209
879,146
287,917
13,277
919,348
385,102
75,516
995,26
602,483
844,172
737,838
777,224
580,903
557,985
600,182
466,208
998,773
918,514
862,614
698,333
241,962
774,641
23,43
390,61
332,207
440,249
744,454
472,381
