id,shelterId,clientId,whenAdded
1,120,790,2015-09-27 21:42:37
2,979,357,2016-05-13 16:58:06
3,331,286,2015-11-08 21:39:50
4,472,573,2016-01-04 15:24:13
5,830,317,2015-08-26 19:02:19
6,189,782,2016-04-10 04:48:38
7,396,74,2015-11-11 14:23:21
8,20,377,2015-12-08 23:06:53
9,862,981,2015-07-19 13:21:18
10,288,139,2015-11-14 00:26:28
11,549,75,2015-12-01 04:36:35
12,447,188,2015-08-09 23:35:02
13,789,224,2015-09-27 04:35:45
14,769,85,2016-01-20 18:27:31
15,846,41,2015-07-02 03:33:58
16,393,412,2016-03-19 05:25:47
17,471,593,2015-07-15 14:16:45
18,691,682,2015-06-01 01:15:13
19,522,688,2015-06-16 15:58:25
20,19,114,2015-09-01 03:11:43
21,15,888,2015-08-29 11:27:05
22,51,497,2015-12-25 12:31:15
23,63,253,2015-10-01 07:10:58
24,961,747,2016-02-25 22:14:35
25,360,99,2016-01-15 15:14:30
26,268,411,2016-05-23 10:33:45
27,386,298,2015-07-08 18:02:14
28,987,138,2015-12-13 22:53:58
29,542,136,2016-02-19 16:55:01
30,871,480,2015-05-29 09:28:59
31,236,257,2015-08-30 17:21:56
32,171,404,2015-07-30 21:38:00
33,213,519,2016-02-23 22:46:03
34,130,847,2016-02-29 19:04:24
35,370,53,2015-10-12 01:12:35
36,479,448,2016-04-06 01:51:52
37,892,438,2016-05-25 23:59:10
38,572,534,2016-01-28 02:44:40
39,318,443,2016-01-19 11:45:34
40,806,121,2015-11-13 00:09:31
41,257,165,2016-01-09 11:48:47
42,998,292,2016-05-05 06:57:51
43,581,33,2015-06-17 20:07:42
44,626,284,2016-01-17 20:34:17
45,921,275,2016-01-16 09:31:26
46,366,411,2016-03-22 07:48:10
47,560,712,2015-10-26 03:44:10
48,623,909,2015-07-10 19:52:36
49,516,694,2016-02-18 19:06:39
50,405,804,2016-02-25 11:51:53
51,384,592,2015-09-15 07:56:47
52,18,533,2016-02-12 03:13:46
53,248,873,2016-02-13 12:17:10
54,408,59,2015-11-29 20:23:20
55,736,778,2016-03-15 15:22:02
56,989,884,2015-08-02 21:28:16
57,152,887,2015-10-19 20:15:44
58,991,865,2016-04-23 09:38:16
59,740,764,2015-06-24 19:48:52
60,271,835,2015-10-29 14:44:18
61,418,959,2016-03-31 21:24:11
62,699,504,2015-12-12 10:36:56
63,860,1000,2015-06-19 03:35:03
64,658,211,2016-03-21 22:09:41
65,672,688,2015-06-13 18:07:52
66,349,546,2015-07-10 04:38:37
67,315,920,2016-03-30 14:02:34
68,918,451,2016-03-05 12:41:17
69,551,189,2016-02-28 02:31:39
70,623,34,2016-04-06 03:01:25
71,210,765,2015-11-21 08:22:13
72,845,482,2015-07-14 19:15:26
73,342,169,2015-07-19 20:01:33
74,764,503,2016-04-30 22:40:31
75,1,503,2015-11-19 09:12:26
76,609,162,2015-09-26 00:36:03
77,962,395,2015-07-04 19:18:55
78,803,688,2015-09-18 23:35:28
79,272,449,2016-05-26 15:39:48
80,299,626,2015-07-26 02:19:07
81,423,957,2015-11-24 02:49:36
82,889,314,2015-10-19 19:40:37
83,369,165,2015-10-27 06:33:29
84,282,951,2015-07-24 02:45:43
85,414,955,2015-08-02 10:35:41
86,998,369,2015-12-16 19:09:00
87,980,900,2015-11-04 17:37:03
88,195,519,2015-09-05 02:31:53
89,244,785,2015-11-10 16:03:16
90,146,845,2015-11-25 07:50:32
91,957,603,2015-11-30 01:01:12
92,986,869,2015-11-12 15:15:39
93,613,789,2016-02-24 09:05:05
94,948,607,2015-10-11 09:20:49
95,452,875,2015-11-08 16:13:54
96,679,952,2016-05-20 09:13:36
97,193,656,2015-09-12 20:07:26
98,32,643,2016-01-24 08:26:48
99,388,26,2016-05-20 14:29:35
100,287,338,2015-11-07 13:23:07
101,857,257,2016-02-09 23:46:08
102,986,932,2016-03-25 19:14:57
103,259,861,2015-11-02 10:46:53
104,898,50,2015-07-03 01:31:26
105,198,42,2016-03-16 10:38:27
106,787,542,2016-02-26 00:56:57
107,515,298,2016-03-13 20:20:08
108,138,77,2016-01-24 00:23:17
109,463,755,2015-09-18 03:27:45
110,831,32,2015-07-20 12:13:01
111,522,911,2015-12-11 13:31:51
112,362,167,2015-10-04 20:55:26
113,596,420,2015-11-10 15:55:43
114,51,765,2015-06-07 02:22:23
115,340,820,2015-08-14 19:28:58
116,565,200,2016-02-13 04:12:20
117,32,514,2015-12-26 07:46:32
118,640,243,2016-04-07 16:46:25
119,713,266,2016-03-17 20:31:05
120,566,513,2015-09-26 13:44:06
121,784,543,2015-11-28 18:45:34
122,452,79,2016-05-11 14:27:47
123,261,252,2015-07-23 02:24:48
124,469,9,2016-04-13 23:02:48
125,363,920,2015-07-12 21:18:42
126,755,689,2016-05-13 04:28:23
127,824,149,2015-07-21 10:08:36
128,961,698,2015-09-01 09:53:24
129,628,905,2015-12-13 22:28:05
130,240,436,2016-05-09 17:02:57
131,467,899,2015-07-26 22:53:03
132,108,196,2015-08-29 23:58:44
133,313,409,2015-07-27 13:00:33
134,142,256,2015-10-15 09:56:27
135,618,382,2016-04-21 12:33:15
136,209,207,2016-02-14 00:23:33
137,798,63,2016-05-14 02:20:57
138,196,717,2015-11-15 20:11:39
139,578,773,2015-08-27 18:56:15
140,217,584,2015-08-31 02:32:08
141,949,118,2015-12-23 18:05:24
142,536,867,2016-01-17 05:22:17
143,960,414,2015-07-18 22:22:03
144,244,370,2015-08-24 19:30:48
145,671,686,2016-04-30 15:13:42
146,648,157,2016-04-23 15:28:09
147,90,140,2015-12-21 19:22:59
148,476,497,2015-12-03 09:36:50
149,83,757,2015-10-25 15:27:23
150,532,489,2016-02-27 14:15:57
151,550,523,2015-08-07 18:39:07
152,115,207,2015-12-28 23:42:29
153,693,187,2016-03-29 17:13:02
154,697,602,2015-06-01 18:49:45
155,638,10,2015-09-15 03:31:55
156,952,193,2015-12-10 11:07:23
157,974,88,2015-09-25 17:33:23
158,773,656,2015-12-06 12:37:23
159,282,904,2016-01-29 14:45:26
160,89,719,2016-03-28 08:44:50
161,519,410,2016-01-08 00:16:14
162,837,709,2016-05-05 20:25:14
163,775,128,2015-07-27 13:18:03
164,286,826,2016-02-05 14:21:41
165,319,674,2016-02-21 18:52:46
166,654,547,2015-07-08 05:17:25
167,407,74,2015-09-06 04:38:32
168,888,565,2016-01-13 03:18:12
169,483,294,2015-06-22 19:31:52
170,851,999,2015-10-27 06:38:47
171,567,243,2016-03-26 23:15:16
172,844,544,2015-09-09 15:10:35
173,649,896,2015-10-05 08:18:35
174,617,315,2015-10-09 08:52:25
175,707,972,2015-10-03 11:45:54
176,452,95,2015-08-25 09:42:21
177,373,124,2015-07-25 11:29:12
178,465,712,2016-05-21 22:36:17
179,328,644,2015-06-11 07:26:17
180,610,593,2015-11-19 15:05:41
181,48,534,2015-06-05 05:02:15
182,225,809,2016-01-03 08:49:08
183,900,637,2016-03-10 23:47:24
184,919,339,2015-08-20 12:55:27
185,399,865,2016-05-23 06:37:56
186,529,571,2015-10-22 13:10:19
187,911,148,2015-07-14 16:13:09
188,151,258,2016-02-16 22:30:10
189,315,994,2015-12-17 15:45:54
190,235,566,2016-01-10 18:37:09
191,304,977,2015-12-11 21:11:02
192,995,268,2015-06-29 11:00:39
193,2,307,2015-08-19 16:39:20
194,917,346,2015-09-01 03:27:02
195,572,441,2015-12-16 05:52:36
196,46,564,2015-11-28 20:47:10
197,752,34,2015-11-11 22:00:24
198,762,572,2015-12-04 01:39:59
199,335,185,2016-02-15 05:18:07
200,575,944,2016-03-16 00:40:28
201,407,268,2015-09-01 15:05:51
202,56,62,2015-10-23 15:02:54
203,964,981,2015-07-03 01:38:09
204,938,404,2016-04-06 15:39:38
205,498,884,2015-08-25 11:10:48
206,388,740,2016-04-01 21:46:04
207,80,129,2015-06-06 02:11:40
208,74,95,2016-02-11 19:14:24
209,278,754,2015-12-08 17:54:29
210,459,175,2016-02-01 21:47:51
211,945,82,2016-04-11 15:46:10
212,973,614,2016-02-25 15:53:43
213,452,556,2016-02-11 13:37:29
214,588,172,2015-09-16 14:58:52
215,677,716,2016-04-05 12:33:07
216,201,151,2015-11-20 23:52:26
217,915,346,2016-02-25 10:19:47
218,512,518,2015-12-10 09:08:25
219,58,943,2015-11-15 09:51:34
220,316,636,2016-05-05 11:40:32
221,636,868,2015-11-29 10:13:33
222,33,110,2016-02-28 13:10:37
223,944,428,2015-07-21 06:35:56
224,769,898,2015-06-04 11:13:22
225,161,393,2016-01-13 07:16:39
226,214,313,2015-07-05 22:58:10
227,59,374,2015-10-15 11:04:15
228,767,43,2016-05-04 20:38:20
229,486,348,2016-02-02 21:16:47
230,206,524,2015-08-25 10:01:32
231,444,912,2015-09-06 13:06:19
232,746,829,2015-08-09 04:11:56
233,41,748,2015-10-11 23:25:33
234,899,466,2015-11-25 09:02:33
235,671,18,2015-06-30 04:50:16
236,800,870,2015-10-20 22:18:25
237,208,671,2016-05-17 03:05:19
238,710,278,2015-12-19 08:29:00
239,942,481,2015-06-13 08:45:59
240,567,818,2015-07-05 16:57:11
241,745,829,2016-01-24 01:33:39
242,471,751,2016-02-02 02:26:46
243,51,763,2015-09-24 20:34:51
244,174,205,2016-03-15 18:32:45
245,325,314,2015-06-29 22:15:39
246,969,188,2016-04-23 02:14:57
247,188,263,2015-09-02 09:24:58
248,596,951,2015-09-20 19:27:28
249,964,583,2015-09-06 19:33:59
250,19,368,2015-09-06 15:24:49
251,909,981,2015-06-10 13:14:21
252,895,398,2016-03-02 13:00:44
253,983,324,2016-04-11 18:12:48
254,380,302,2016-03-31 23:55:23
255,344,881,2015-06-02 00:50:50
256,367,283,2015-11-29 05:14:40
257,963,849,2015-12-11 18:21:51
258,471,434,2015-09-19 22:17:30
259,695,446,2015-10-05 18:32:37
260,8,371,2016-05-04 11:59:42
261,876,547,2015-06-16 17:40:01
262,945,344,2015-11-11 21:21:48
263,702,728,2016-04-19 02:26:43
264,319,648,2015-09-24 20:12:17
265,918,595,2015-12-19 06:20:13
266,417,449,2015-12-10 14:23:31
267,829,923,2015-11-29 11:42:10
268,691,964,2016-01-08 13:10:56
269,589,817,2016-02-01 10:36:25
270,851,146,2016-01-18 08:38:14
271,376,781,2015-12-15 07:42:21
272,127,9,2016-03-21 16:47:02
273,861,740,2016-02-09 13:46:28
274,900,507,2015-12-27 04:50:09
275,896,270,2015-09-17 10:03:47
276,114,676,2015-11-02 19:20:29
277,276,864,2015-09-28 09:29:11
278,722,436,2015-12-22 02:57:18
279,360,822,2015-06-02 23:53:00
280,827,648,2015-08-06 14:32:21
281,596,666,2015-10-30 02:42:07
282,590,450,2016-05-19 05:51:43
283,174,109,2015-11-22 19:17:56
284,585,183,2015-09-04 18:52:09
285,960,64,2015-08-16 02:25:20
286,438,783,2016-03-19 20:34:11
287,252,235,2016-05-14 01:33:01
288,216,528,2016-02-17 09:02:43
289,593,481,2016-04-20 08:51:16
290,224,120,2016-04-02 11:57:11
291,933,54,2016-03-18 22:02:08
292,714,570,2015-09-24 00:45:52
293,537,125,2015-09-16 08:09:14
294,277,703,2015-10-21 09:07:54
295,81,649,2016-04-15 19:29:13
296,637,371,2015-06-05 20:26:21
297,814,240,2016-01-15 17:14:32
298,217,647,2015-10-24 08:05:05
299,333,425,2016-03-27 12:41:08
300,325,712,2015-10-18 11:26:38
301,196,216,2015-10-21 06:43:29
302,584,312,2016-04-21 11:27:16
303,689,764,2016-03-06 10:15:58
304,133,838,2016-04-27 20:40:12
305,348,669,2016-04-06 12:17:45
306,626,570,2016-05-07 20:44:54
307,821,455,2015-11-02 10:51:59
308,549,582,2016-02-04 07:57:47
309,644,118,2015-08-04 02:46:18
310,115,438,2015-08-08 07:58:38
311,227,464,2016-04-14 17:13:10
312,909,927,2015-06-11 19:55:42
313,272,4,2015-09-03 09:39:04
314,669,512,2016-02-08 23:34:50
315,254,168,2016-03-09 22:05:15
316,535,121,2016-05-24 16:15:24
317,818,885,2016-05-12 23:43:14
318,882,288,2016-03-26 13:10:14
319,743,489,2015-06-12 12:35:33
320,492,964,2015-11-15 05:35:15
321,744,636,2015-12-11 06:19:30
322,625,192,2015-06-04 11:55:26
323,865,975,2015-12-13 08:57:08
324,737,253,2016-01-09 07:29:37
325,492,956,2015-09-04 16:31:32
326,848,528,2015-08-13 00:11:01
327,694,79,2016-05-23 21:44:36
328,310,776,2016-04-19 20:55:43
329,731,696,2015-08-22 09:37:27
330,148,817,2015-11-15 18:12:35
331,433,172,2016-01-24 21:14:43
332,913,832,2016-03-04 12:14:49
333,926,663,2015-09-27 21:16:43
334,770,902,2016-02-03 08:09:27
335,18,312,2015-08-22 17:01:08
336,122,666,2015-07-24 09:15:18
337,244,605,2016-04-22 07:58:21
338,437,719,2016-04-17 02:06:09
339,369,408,2016-03-25 18:46:46
340,744,614,2015-12-14 09:04:31
341,64,673,2015-08-10 13:49:28
342,128,32,2015-11-04 07:33:46
343,637,893,2016-02-07 18:18:13
344,906,93,2016-05-27 03:24:17
345,550,495,2015-08-30 04:44:47
346,664,887,2016-02-11 20:27:31
347,513,791,2015-12-18 06:21:13
348,698,543,2015-08-13 16:57:29
349,846,92,2015-12-18 03:08:44
350,829,684,2015-08-12 04:07:03
351,871,149,2016-05-13 03:47:53
352,886,770,2015-06-03 06:25:41
353,851,940,2015-06-30 00:44:24
354,805,829,2015-07-11 12:42:04
355,105,465,2016-03-06 06:03:38
356,534,190,2015-10-19 21:48:41
357,444,784,2015-06-27 07:43:56
358,883,924,2015-06-11 20:08:01
359,770,566,2015-10-01 19:31:21
360,323,844,2015-12-26 22:36:18
361,273,993,2016-05-19 11:14:44
362,52,608,2016-01-05 17:45:31
363,566,477,2016-02-08 16:36:39
364,740,386,2015-08-26 19:54:18
365,118,119,2015-09-04 08:26:06
366,449,397,2015-10-14 13:47:08
367,76,582,2015-07-01 22:53:35
368,695,771,2016-01-02 15:40:18
369,235,193,2016-02-02 22:03:52
370,719,267,2016-03-31 10:33:59
371,940,815,2016-05-26 19:55:44
372,722,77,2015-11-24 10:40:34
373,557,630,2016-05-26 00:54:32
374,483,36,2016-01-20 11:52:47
375,851,66,2016-05-20 08:06:09
376,528,180,2015-12-29 08:38:23
377,7,481,2015-09-20 17:27:46
378,764,12,2016-03-18 10:33:38
379,993,869,2015-05-28 15:30:26
380,362,741,2015-08-11 04:31:26
381,959,518,2015-07-19 17:35:32
382,823,171,2015-06-30 22:42:21
383,797,199,2015-12-05 18:33:53
384,718,381,2015-07-31 13:47:28
385,840,18,2016-01-26 02:43:27
386,869,124,2015-05-30 06:16:46
387,67,917,2015-10-09 04:28:07
388,213,708,2015-08-29 16:09:40
389,85,406,2015-09-25 10:59:30
390,146,94,2016-04-27 18:57:09
391,163,941,2015-07-24 07:25:02
392,602,713,2015-11-26 01:39:43
393,54,361,2016-01-25 10:33:06
394,757,94,2016-01-24 14:27:04
395,141,258,2015-12-12 11:16:34
396,867,240,2015-12-23 19:08:20
397,237,334,2016-01-25 06:33:42
398,594,758,2016-01-11 02:20:44
399,203,940,2015-06-04 02:55:16
400,724,601,2015-09-18 06:26:39
401,647,318,2016-04-15 04:38:41
402,902,617,2016-01-07 04:33:38
403,528,351,2016-01-05 10:42:00
404,578,587,2015-10-22 18:40:49
405,75,94,2016-05-11 21:10:10
406,102,49,2015-06-06 15:48:45
407,225,71,2015-06-04 13:33:10
408,439,820,2015-09-17 15:41:34
409,336,280,2015-10-30 13:49:57
410,490,4,2015-07-31 15:52:40
411,841,69,2016-04-30 15:30:46
412,347,351,2015-09-27 15:33:47
413,607,578,2016-01-11 18:57:18
414,592,275,2015-07-03 23:24:30
415,925,999,2016-04-07 14:04:02
416,326,609,2015-08-12 18:07:18
417,830,589,2015-06-23 04:56:32
418,870,94,2016-03-04 14:12:33
419,913,836,2015-12-08 09:08:20
420,480,897,2015-06-21 11:39:57
421,786,66,2016-01-09 09:12:52
422,937,724,2015-08-13 03:47:30
423,165,893,2016-02-12 09:19:57
424,897,611,2016-04-04 13:16:36
425,387,572,2016-03-22 21:05:38
426,147,334,2015-06-01 20:07:34
427,832,688,2015-08-06 23:53:26
428,840,592,2016-04-27 00:06:53
429,4,463,2015-06-04 23:14:45
430,389,680,2015-08-03 16:55:09
431,916,376,2016-05-21 15:19:57
432,581,870,2015-06-03 02:19:40
433,65,53,2015-12-27 10:59:19
434,124,93,2016-04-09 11:22:53
435,421,247,2015-10-02 08:44:47
436,579,396,2015-09-25 00:17:40
437,26,594,2016-04-23 23:15:18
438,877,563,2016-02-15 02:08:15
439,931,663,2015-09-10 22:47:17
440,781,317,2015-08-02 01:33:09
441,632,822,2015-10-23 13:28:54
442,201,199,2015-06-11 10:13:40
443,483,529,2015-12-19 07:50:45
444,641,945,2015-06-13 14:58:45
445,4,620,2015-10-15 06:59:10
446,516,469,2015-09-19 08:07:55
447,15,954,2016-03-10 02:44:04
448,549,100,2016-01-17 04:34:53
449,441,663,2016-03-13 13:27:15
450,478,892,2015-06-05 20:49:45
451,827,268,2015-10-09 03:46:36
452,774,192,2016-01-31 17:08:14
453,776,895,2015-09-27 10:44:23
454,178,525,2015-11-02 21:41:39
455,423,907,2015-08-31 02:39:12
456,599,802,2015-10-02 03:03:52
457,698,437,2016-02-24 01:36:06
458,899,856,2015-06-02 22:19:21
459,919,324,2015-10-04 11:49:22
460,57,261,2016-01-06 12:57:29
461,252,242,2015-07-13 22:56:48
462,322,845,2016-03-25 23:35:14
463,122,714,2016-01-11 01:48:57
464,171,909,2015-09-14 03:08:49
465,244,625,2015-06-23 21:08:56
466,234,706,2016-05-09 18:27:09
467,655,910,2016-01-09 14:02:06
468,648,113,2016-01-24 06:01:26
469,92,61,2015-11-19 04:46:53
470,804,502,2015-06-05 15:50:57
471,924,769,2016-04-10 06:59:06
472,188,790,2016-03-10 02:21:32
473,906,697,2015-08-25 18:57:15
474,106,866,2016-01-14 16:28:22
475,635,198,2015-09-13 16:33:53
476,502,685,2016-03-31 11:00:15
477,623,599,2015-08-31 14:41:02
478,684,699,2015-08-10 05:10:58
479,684,474,2015-09-19 06:38:26
480,570,508,2015-12-23 21:49:17
481,242,665,2016-05-17 19:44:16
482,882,493,2015-07-22 13:45:02
483,835,557,2016-01-14 23:02:01
484,636,106,2016-04-03 21:36:41
485,523,106,2015-09-06 12:00:09
486,63,311,2015-07-27 17:14:16
487,906,969,2016-04-26 18:55:11
488,837,352,2016-04-22 17:24:46
489,937,387,2015-07-20 10:41:28
490,894,431,2016-01-16 07:06:40
491,413,73,2015-07-08 10:23:12
492,950,439,2016-02-18 21:18:29
493,637,428,2016-03-30 15:50:31
494,257,155,2015-07-05 17:31:49
495,923,503,2016-05-22 16:06:53
496,94,591,2015-06-12 10:52:16
497,420,400,2015-06-21 23:54:44
498,390,386,2015-12-10 19:24:07
499,526,895,2015-07-19 22:22:10
500,215,815,2015-06-01 10:29:04
501,973,520,2016-03-16 09:21:21
502,956,546,2015-11-02 19:03:24
503,821,753,2015-07-04 01:54:01
504,254,955,2016-05-02 17:48:45
505,441,173,2015-09-19 15:39:55
506,664,76,2015-08-22 20:45:44
507,956,464,2015-06-06 14:37:17
508,353,883,2015-07-10 09:23:55
509,456,567,2016-01-11 21:36:52
510,119,453,2015-12-04 16:04:49
511,652,723,2016-03-25 16:04:08
512,614,134,2015-05-29 20:33:57
513,335,761,2015-10-01 09:56:38
514,228,454,2015-10-07 14:50:17
515,959,573,2016-04-20 09:47:27
516,248,518,2015-07-15 17:00:32
517,828,498,2016-02-13 11:42:51
518,950,508,2016-03-31 03:56:41
519,190,637,2015-08-01 04:49:49
520,77,39,2015-12-01 07:22:47
521,477,328,2016-04-16 06:14:14
522,418,182,2015-08-30 21:22:32
523,400,786,2015-11-21 04:48:07
524,254,968,2016-03-23 16:32:45
525,112,234,2016-01-03 02:14:10
526,922,468,2016-05-23 14:10:11
527,495,673,2016-01-02 15:29:04
528,917,476,2016-05-17 05:24:22
529,528,248,2015-11-15 05:23:37
530,275,254,2015-06-06 19:41:01
531,684,582,2016-01-19 12:45:33
532,367,279,2015-12-17 04:37:49
533,445,874,2015-06-06 05:20:59
534,341,569,2015-08-08 02:41:52
535,798,837,2015-10-28 18:34:19
536,373,952,2015-12-03 00:51:44
537,674,852,2015-06-28 00:56:32
538,762,843,2016-05-11 09:17:52
539,598,740,2016-05-04 20:35:06
540,683,415,2015-08-21 07:34:37
541,518,16,2016-02-05 06:54:51
542,662,408,2016-03-08 18:33:09
543,503,807,2015-07-09 19:28:44
544,57,199,2015-08-20 16:03:22
545,79,344,2015-12-29 13:27:38
546,169,57,2016-05-20 13:48:08
547,483,467,2016-01-09 18:12:17
548,108,126,2015-12-08 00:28:04
549,184,986,2015-06-20 16:44:15
550,432,836,2015-09-08 10:22:14
551,309,794,2015-11-18 16:12:15
552,132,843,2016-02-17 04:23:08
553,132,108,2016-02-17 20:28:44
554,333,878,2016-05-08 12:08:21
555,131,279,2015-11-30 07:23:22
556,387,800,2016-02-14 23:08:48
557,890,439,2015-12-22 12:39:39
558,336,534,2015-11-03 07:36:28
559,911,347,2015-06-17 14:16:33
560,886,738,2015-08-24 13:11:34
561,214,618,2015-10-02 12:50:37
562,632,733,2016-05-12 06:28:08
563,172,227,2016-03-15 18:21:23
564,24,502,2016-02-07 04:39:31
565,769,119,2016-02-14 14:36:01
566,453,53,2015-11-18 11:57:12
567,681,749,2016-03-26 15:39:46
568,49,809,2015-06-22 19:26:43
569,344,728,2016-02-22 20:58:19
570,873,625,2015-07-15 02:57:30
571,989,844,2015-08-31 11:57:34
572,756,990,2015-06-27 05:33:55
573,560,71,2016-03-13 14:16:23
574,700,285,2016-03-09 09:11:06
575,174,893,2016-02-06 13:38:10
576,423,226,2016-01-26 08:18:01
577,12,840,2015-06-24 20:03:31
578,437,734,2015-07-03 11:53:13
579,591,970,2016-01-15 00:41:09
580,257,694,2015-10-29 18:07:31
581,380,45,2015-08-31 22:51:00
582,271,378,2016-05-01 02:33:41
583,128,590,2015-10-09 09:21:43
584,128,209,2016-03-06 16:48:33
585,223,987,2015-09-30 10:38:19
586,392,499,2016-01-14 19:52:00
587,223,251,2016-04-22 00:50:00
588,486,184,2015-08-07 10:15:10
589,303,205,2015-10-29 14:18:16
590,374,630,2015-09-19 16:11:17
591,11,598,2016-01-10 13:02:55
592,320,697,2016-04-16 00:40:39
593,806,344,2015-10-25 02:28:18
594,230,764,2015-11-22 06:52:54
595,527,78,2015-11-22 14:34:54
596,418,988,2015-10-30 11:39:39
597,800,222,2015-11-30 09:04:54
598,606,416,2015-07-12 08:22:34
599,926,628,2016-03-16 22:46:03
600,3,886,2015-06-21 13:57:00
601,296,296,2015-10-13 13:08:27
602,38,611,2015-08-23 17:23:25
603,396,73,2016-05-23 03:20:42
604,860,705,2016-02-04 13:35:28
605,974,96,2015-09-11 01:53:14
606,888,254,2015-09-23 04:23:52
607,457,301,2016-03-11 00:48:10
608,129,230,2015-07-07 12:50:50
609,94,410,2016-04-20 21:09:30
610,316,327,2016-02-06 06:39:03
611,452,175,2015-06-15 11:35:24
612,700,568,2016-03-30 04:46:40
613,705,63,2016-02-11 18:31:09
614,272,703,2015-10-10 22:03:27
615,536,132,2016-03-24 12:07:57
616,47,334,2016-04-18 08:49:48
617,291,461,2015-12-09 14:19:48
618,261,727,2015-09-21 12:02:52
619,59,298,2016-03-26 11:03:53
620,45,932,2015-08-12 13:09:02
621,942,771,2016-01-26 07:31:29
622,264,709,2016-01-11 07:52:45
623,681,875,2015-07-06 12:17:28
624,504,225,2016-05-16 08:30:22
625,355,554,2016-03-20 22:53:33
626,469,755,2015-09-23 13:05:42
627,567,898,2015-09-07 01:06:50
628,486,224,2015-06-09 08:34:23
629,60,54,2015-10-14 09:23:40
630,745,701,2015-10-17 14:55:43
631,212,115,2016-03-15 07:17:06
632,294,669,2015-10-23 13:08:46
633,251,206,2015-12-26 15:24:37
634,908,871,2016-04-14 06:04:40
635,225,983,2016-02-07 17:13:21
636,850,446,2015-07-04 11:00:00
637,391,802,2016-01-08 15:23:40
638,449,617,2015-12-24 17:15:32
639,966,237,2015-08-07 21:44:12
640,490,782,2015-08-26 09:38:01
641,315,926,2015-07-25 08:18:59
642,859,760,2016-04-25 23:41:22
643,155,410,2016-04-12 16:21:19
644,308,243,2016-01-03 15:17:51
645,512,258,2015-12-21 15:08:50
646,460,568,2015-10-09 15:59:38
647,837,78,2016-01-28 23:44:18
648,196,192,2015-08-05 20:11:05
649,30,841,2016-04-24 13:27:06
650,492,705,2015-11-05 07:16:16
651,82,226,2015-09-11 17:44:33
652,852,410,2015-10-06 09:29:04
653,411,128,2016-01-03 07:04:04
654,279,336,2015-11-20 02:22:13
655,922,692,2016-04-08 09:34:31
656,775,19,2015-09-15 21:17:20
657,641,378,2015-10-19 02:51:52
658,605,147,2016-03-17 01:50:00
659,704,267,2016-01-12 06:48:20
660,370,878,2015-09-19 01:38:50
661,565,190,2016-02-11 20:36:29
662,340,649,2015-08-02 02:14:58
663,508,940,2016-02-12 08:33:44
664,687,990,2015-07-30 15:04:15
665,373,861,2015-08-20 00:01:38
666,413,856,2015-07-18 21:19:35
667,526,973,2015-05-31 23:18:23
668,490,405,2015-06-22 00:29:52
669,48,151,2016-03-14 14:22:48
670,1,875,2016-05-12 17:39:18
671,603,664,2015-10-21 11:04:40
672,934,426,2016-01-24 10:05:46
673,523,492,2015-11-11 23:01:34
674,94,466,2016-05-24 17:40:11
675,465,113,2016-05-13 07:09:51
676,245,368,2015-09-03 20:10:25
677,147,773,2016-03-21 02:22:58
678,568,411,2015-08-24 07:12:50
679,918,401,2015-06-18 15:36:57
680,643,755,2016-01-24 21:48:42
681,596,898,2015-12-05 14:04:51
682,418,421,2015-12-10 12:28:01
683,217,328,2016-04-26 22:16:29
684,132,944,2016-04-19 15:38:47
685,516,376,2016-03-31 22:49:36
686,838,187,2016-01-14 15:11:57
687,601,857,2016-03-01 18:24:48
688,543,335,2015-07-06 22:40:36
689,349,476,2015-05-29 01:17:42
690,183,858,2015-12-24 10:04:36
691,359,818,2016-03-06 01:16:58
692,382,784,2015-06-27 14:38:39
693,952,529,2016-03-15 04:02:53
694,236,520,2016-03-29 20:34:51
695,24,848,2015-12-14 16:16:48
696,349,622,2016-04-19 13:08:33
697,273,707,2016-03-15 07:42:45
698,437,37,2016-05-20 03:08:28
699,768,360,2015-12-03 16:10:38
700,112,85,2015-09-20 14:08:13
701,948,159,2016-03-28 08:01:22
702,450,39,2016-05-17 11:09:48
703,215,819,2015-10-27 16:51:10
704,427,930,2016-01-22 21:17:01
705,98,135,2016-04-09 06:03:38
706,734,651,2015-12-20 07:09:06
707,110,58,2016-04-20 06:01:28
708,323,259,2016-04-14 21:32:54
709,36,416,2016-02-21 16:57:42
710,929,100,2015-10-07 17:59:07
711,574,407,2016-02-25 07:51:45
712,745,747,2015-07-16 09:14:48
713,677,401,2015-11-02 00:55:35
714,660,370,2016-02-09 00:36:04
715,22,221,2016-04-13 15:19:29
716,27,29,2015-11-08 03:21:40
717,430,648,2015-06-15 22:34:34
718,328,718,2015-10-26 04:36:57
719,954,583,2016-01-24 21:25:32
720,704,814,2015-09-12 15:43:30
721,408,154,2016-05-04 11:37:46
722,482,351,2016-05-17 20:44:42
723,582,220,2015-12-21 09:11:29
724,19,361,2016-05-03 19:02:10
725,573,343,2016-03-29 12:41:35
726,621,186,2015-12-29 05:04:57
727,138,505,2015-11-20 13:59:38
728,339,84,2016-04-02 18:39:30
729,152,93,2015-11-17 16:43:35
730,127,613,2015-10-09 17:15:21
731,601,896,2015-07-01 02:54:26
732,187,516,2016-04-21 10:17:30
733,322,284,2015-10-09 10:37:17
734,928,150,2016-02-27 16:23:21
735,465,233,2016-01-22 07:26:02
736,56,861,2016-04-03 07:01:55
737,37,622,2016-04-12 22:45:41
738,33,535,2016-03-26 12:45:00
739,633,305,2016-03-26 01:55:02
740,270,243,2016-05-10 22:28:13
741,237,233,2015-10-06 07:55:24
742,489,147,2015-10-03 03:26:18
743,302,426,2015-07-13 23:30:49
744,186,656,2016-01-23 13:25:53
745,98,429,2016-03-22 02:45:01
746,800,452,2015-08-10 22:12:37
747,703,886,2016-04-08 01:46:59
748,982,573,2015-10-28 13:50:34
749,744,790,2016-01-23 14:16:02
750,462,537,2015-10-11 16:57:19
751,16,417,2015-08-28 00:03:12
752,565,124,2016-01-16 02:53:28
753,420,872,2015-12-30 08:30:52
754,440,685,2015-11-27 17:58:22
755,647,875,2016-04-26 22:28:29
756,331,995,2016-02-27 04:03:10
757,256,733,2016-05-04 09:52:37
758,486,901,2016-01-15 03:09:40
759,426,839,2015-10-29 15:11:26
760,895,486,2015-07-16 12:02:46
761,604,25,2015-10-22 05:47:12
762,296,399,2015-10-17 20:41:56
763,746,849,2016-03-09 15:31:04
764,751,507,2016-02-04 07:05:08
765,864,922,2015-08-06 03:51:03
766,431,820,2015-10-15 11:20:14
767,586,148,2015-07-14 22:41:19
768,19,927,2015-09-06 16:27:30
769,250,96,2015-08-28 12:48:24
770,101,534,2016-01-02 03:43:18
771,616,250,2015-08-13 10:41:14
772,150,448,2015-12-16 17:00:08
773,318,779,2016-05-01 03:01:07
774,28,792,2015-06-24 07:27:09
775,321,97,2015-12-03 11:42:41
776,105,986,2015-07-05 22:28:19
777,800,494,2015-12-11 05:32:42
778,81,912,2015-06-18 23:57:34
779,295,423,2016-05-01 03:47:21
780,100,615,2016-04-22 16:36:53
781,973,484,2015-10-11 03:28:48
782,68,844,2015-11-03 23:46:02
783,685,261,2016-04-06 15:21:31
784,499,845,2016-02-29 08:37:22
785,725,104,2015-07-02 14:08:11
786,10,598,2015-07-25 01:46:02
787,880,203,2015-06-29 05:08:14
788,702,756,2015-08-17 20:58:33
789,264,397,2016-04-19 12:40:32
790,847,302,2016-05-05 17:10:03
791,95,925,2015-10-27 04:54:04
792,133,226,2015-08-31 21:35:13
793,367,7,2015-10-26 12:49:32
794,623,168,2016-02-03 02:02:14
795,716,200,2015-10-02 02:46:17
796,694,35,2016-05-15 09:08:16
797,364,519,2015-07-31 17:50:00
798,668,855,2016-03-15 05:59:37
799,48,915,2016-02-29 15:25:57
800,975,233,2015-08-12 03:41:43
801,279,178,2015-06-12 13:44:56
802,950,955,2016-04-03 19:27:53
803,134,443,2015-07-25 20:58:05
804,550,503,2015-09-16 07:24:58
805,95,374,2016-05-21 09:07:41
806,715,319,2015-06-15 01:03:28
807,745,939,2015-09-18 20:54:35
808,647,161,2016-05-01 00:52:13
809,734,638,2016-01-18 14:35:23
810,410,925,2016-03-25 16:05:20
811,630,755,2015-09-08 10:02:20
812,669,318,2015-08-22 16:41:29
813,700,350,2015-12-13 00:13:28
814,758,416,2015-12-30 13:22:00
815,713,322,2015-09-16 11:35:05
816,814,927,2016-04-26 16:21:51
817,709,131,2016-01-21 10:18:16
818,88,417,2015-12-18 20:49:43
819,261,559,2015-09-29 10:25:27
820,488,134,2015-07-25 02:40:34
821,946,2,2016-02-10 06:35:16
822,61,582,2015-11-14 11:17:01
823,171,429,2016-01-31 14:07:30
824,511,80,2015-07-20 01:11:07
825,342,329,2016-04-06 22:05:01
826,383,127,2015-08-04 00:33:49
827,836,641,2016-05-08 11:15:13
828,233,172,2015-11-17 08:30:50
829,68,398,2015-08-02 11:26:00
830,506,353,2015-06-27 16:43:25
831,446,665,2016-03-22 02:31:54
832,86,56,2015-08-18 23:30:07
833,263,228,2015-07-18 22:44:49
834,972,570,2016-02-15 21:33:59
835,904,726,2015-06-08 11:34:17
836,172,893,2015-10-05 14:22:05
837,674,968,2015-07-30 03:03:39
838,459,528,2016-03-24 22:18:27
839,348,56,2015-08-30 01:06:59
840,929,745,2015-06-20 22:13:35
841,532,401,2015-08-05 20:00:24
842,777,442,2015-12-12 09:12:54
843,599,805,2016-01-29 03:04:31
844,860,54,2015-11-11 12:31:38
845,153,830,2016-02-09 19:15:27
846,883,927,2015-12-02 03:35:44
847,64,790,2016-05-15 08:07:59
848,447,993,2015-09-26 19:46:43
849,295,567,2015-11-18 11:32:32
850,110,209,2015-11-11 22:12:03
851,933,554,2015-08-04 00:00:58
852,907,269,2015-09-21 02:18:03
853,251,995,2016-05-24 14:07:34
854,170,283,2016-04-30 03:22:10
855,937,324,2015-06-25 00:32:20
856,52,311,2015-09-08 13:21:33
857,817,63,2015-06-13 19:26:14
858,395,238,2016-05-08 03:39:41
859,215,968,2015-06-01 05:02:18
860,984,368,2015-06-04 14:06:12
861,708,181,2016-01-20 19:30:43
862,348,445,2016-05-01 13:23:36
863,260,399,2015-10-24 02:56:34
864,872,115,2015-07-18 20:43:48
865,445,702,2015-06-14 03:09:09
866,635,573,2015-06-29 05:09:10
867,956,100,2016-05-05 14:56:49
868,919,78,2015-12-09 09:14:02
869,580,981,2015-06-20 15:48:47
870,256,886,2015-10-25 21:17:21
871,233,804,2015-07-16 04:17:51
872,545,955,2015-06-29 03:12:38
873,690,203,2015-06-28 16:53:03
874,167,533,2015-12-29 05:30:36
875,608,393,2015-11-28 18:34:50
876,441,478,2016-02-05 20:56:16
877,488,641,2016-01-01 07:24:37
878,49,493,2015-10-26 07:37:24
879,575,634,2015-09-12 21:47:45
880,417,905,2016-02-11 02:06:14
881,540,488,2015-10-11 20:16:24
882,170,826,2015-06-25 18:03:06
883,68,998,2015-10-06 21:30:35
884,714,58,2015-11-05 03:51:55
885,789,116,2016-03-13 00:29:53
886,798,928,2015-12-07 00:25:12
887,187,673,2015-10-04 15:10:13
888,984,895,2015-12-05 04:10:36
889,433,605,2016-04-09 09:47:03
890,845,505,2015-10-06 11:36:25
891,922,999,2015-12-07 06:38:36
892,627,611,2015-09-04 14:31:41
893,752,201,2016-03-22 14:46:01
894,74,565,2015-11-21 01:00:58
895,634,247,2015-09-20 01:52:38
896,496,620,2016-03-02 09:03:27
897,844,460,2016-03-20 15:42:50
898,71,730,2015-09-23 09:11:35
899,787,365,2015-06-01 14:35:43
900,226,712,2016-04-05 20:54:18
901,557,207,2016-04-22 06:35:40
902,602,952,2016-05-18 22:42:34
903,443,731,2016-04-22 15:56:39
904,926,342,2015-11-12 10:03:09
905,478,742,2016-01-22 04:12:21
906,930,844,2015-10-04 17:21:55
907,349,155,2016-02-17 09:31:24
908,988,431,2016-05-01 05:51:35
909,846,748,2016-02-04 14:47:29
910,133,321,2016-04-12 23:12:32
911,802,734,2015-08-23 20:28:41
912,807,79,2016-03-25 05:52:37
913,966,887,2015-11-22 15:52:02
914,448,389,2016-01-30 23:19:08
915,739,256,2016-01-21 16:22:14
916,176,765,2015-11-16 04:08:08
917,510,636,2015-10-20 17:27:55
918,538,674,2015-12-15 01:27:25
919,81,149,2015-10-29 02:09:06
920,152,282,2015-06-19 15:01:14
921,498,855,2015-08-06 15:13:48
922,507,66,2015-11-30 11:20:19
923,132,18,2015-10-26 16:40:52
924,16,810,2015-12-29 10:30:41
925,502,99,2016-01-04 02:33:16
926,474,376,2016-02-01 18:15:28
927,407,522,2016-04-14 13:01:04
928,858,723,2015-05-29 23:19:19
929,379,255,2015-05-30 04:22:19
930,285,12,2015-09-21 11:06:03
931,932,145,2016-05-12 21:17:07
932,831,25,2015-11-05 11:05:12
933,381,58,2015-08-30 22:22:01
934,739,393,2015-09-15 02:48:45
935,614,610,2015-09-22 10:56:52
936,612,609,2015-10-22 01:12:36
937,717,112,2016-05-08 22:00:15
938,317,520,2016-02-15 05:19:01
939,545,30,2015-09-27 12:36:57
940,423,280,2015-07-09 00:29:31
941,826,854,2016-04-21 20:50:39
942,167,934,2016-02-22 13:47:53
943,848,416,2016-04-26 23:48:03
944,751,457,2015-11-25 02:25:40
945,165,796,2015-06-15 10:08:26
946,831,436,2016-04-26 02:57:34
947,760,972,2016-01-19 03:55:24
948,757,540,2015-12-11 17:25:34
949,749,864,2016-04-26 01:38:19
950,475,930,2015-09-24 11:14:37
951,123,849,2015-08-04 11:42:38
952,960,897,2016-05-10 20:15:39
953,410,474,2016-02-04 04:19:32
954,200,628,2016-01-14 14:48:23
955,447,298,2015-07-25 12:52:56
956,914,532,2015-07-09 06:20:29
957,664,825,2015-08-20 02:07:49
958,964,701,2016-02-11 08:35:09
959,696,10,2015-09-06 23:50:37
960,308,490,2015-09-14 01:14:47
961,601,244,2015-09-09 19:39:07
962,271,754,2016-02-23 08:12:59
963,169,683,2015-08-17 07:13:32
964,736,449,2016-01-16 16:48:19
965,927,19,2016-04-20 00:30:18
966,250,341,2016-03-11 21:11:40
967,371,540,2015-08-03 00:01:42
968,969,482,2015-09-04 07:59:26
969,831,699,2015-07-26 07:42:36
970,370,99,2015-06-02 23:50:11
971,472,206,2015-08-29 08:53:33
972,450,712,2016-03-24 22:32:35
973,401,70,2016-04-10 10:44:48
974,634,542,2015-11-19 06:09:41
975,443,48,2016-02-27 14:31:23
976,753,516,2015-11-02 00:16:12
977,200,740,2015-06-07 20:21:39
978,519,738,2016-04-11 10:27:11
979,765,625,2015-11-19 07:44:58
980,591,377,2016-03-11 05:17:41
981,156,4,2016-03-27 15:14:49
982,1,383,2016-02-06 21:06:35
983,254,765,2015-11-03 05:25:02
984,508,257,2016-01-23 09:56:05
985,728,297,2015-07-03 04:30:23
986,687,728,2016-04-12 22:29:37
987,513,4,2016-02-21 11:04:02
988,697,813,2016-01-20 20:49:00
989,976,499,2015-07-01 11:51:07
990,544,429,2016-04-23 18:46:46
991,612,932,2015-12-25 01:26:51
992,358,336,2015-08-10 18:38:02
993,301,161,2016-04-12 03:21:36
994,442,319,2015-07-26 01:40:32
995,293,901,2016-03-17 19:16:16
996,2,765,2015-11-08 06:33:58
997,660,288,2015-10-12 04:25:49
998,765,367,2016-05-11 07:28:42
999,277,373,2015-10-13 17:19:35
1000,62,42,2015-10-08 15:12:36
