﻿stripeCustomerId,id,firstName,lastName
08dec89d765add7c46251a2c6062008238c376994bc0327ef30b7b9de4b5d9a7,1,Ruby,Mason
f5c93d4e826d09ca3ef7b1bff51c7f40e8df4d20fe095e5bf8b5d79909174ad1,2,Jessica,Cole
4e387bac0539cc0f8f44a728b2bb3ea00dbebe3d7e5cc8b3786e71ece1cd4203,3,Frances,Bennett
4be372b8434ba45f1393303b04d093d4f341ce19c7aba83a33c2aa80c4639073,4,Kevin,Oliver
6b0e7043d0fd3757e6fc66b8d8c870fbb6727e15840437d5c3b45084c6bf3514,5,Betty,Howard
8cd4ac10163d4388b2cb68752d7f80c5a37aa17b69e347debd965e0bb09511c5,6,Gary,Kelley
f34eda44dc833422b755eb106a47cd5aec8b5289d1c1972292eba81dcc836fdb,7,Willie,Chapman
0e69b4730953357aceeeac7e9bd2e44d708b9a2a4a3315fa60cb5210abce189d,8,Angela,Gibson
d4d9ef2aac1339aa2255977718540259c70682809114e7368408e60599a6fc1f,9,Joyce,Matthews
69c0121a71c51ef9ae87c50a9842ed6fbceb58a95c8a97eee2f952f89efc850a,10,Sean,Williamson
fd73a244ec596b0cf1422e2ec07edc0fd3fb169e660d0b89caeabf94a9965ebb,11,Wanda,Cooper
e0aac33e353120138b5d3841e6c01c9a23ce0e65f38c9ff8651a6e080780b397,12,Russell,Morgan
37f3ce829726e4ad051539fdc0b8162dd18a4758e02104ee23a21bd62a67f2e9,13,Earl,Wallace
9bc3758c04f02bbc82a5b0ab51023573a1bf7d2caf75439b7a67061c58f59545,14,Karen,Owens
c55597fe819ba0aacd85d32b352a0a0fb862c68ad610aa40602eb743c4d395dc,15,James,Hunt
a4584fc08e86dcfe4017a9a37db1bd894e4636b5c4f016b0524f69a9039de687,16,Gregory,Fisher
59330733e34d7725b38bc44b34d0251938d1c2eaaf3312f2f311789478b8e1f8,17,Cheryl,Reyes
73dc8d05223352d36e1dbc3f39068c0d7d5c6e2069641824eac99c1e812c0090,18,Janet,Murray
05f59c5e47f8fdb38979810bf78b5bdfc10ee7e2e03fcc988ecb178480fd86f4,19,Shirley,Henry
fb29fc6da51df58114b3e5790b61f4ba8a0b65acb4ec8e4bd479afb467aba560,20,Katherine,Butler
5b465db59fca91ce330599426d02efb1aaedbb646681bdbeb18d7c5b29739686,21,Roy,White
2d3532b0edbb1b5cc942d85658a60c021f2d24e876650ad20b943992c30ff378,22,Helen,Bennett
2ef543dae1c9608b80b458b68ccdcab642c33ad5a79cd4db78a4f79ef82fb826,23,Roy,Warren
e45ef7205213e0587f7e6f22f37ac43dbfed937c5136be541b72aa49c74abcf3,24,Elizabeth,Austin
40cf2546e9e567510add3eac2dc7f14cdc64f4a511c3af470d7c517c2f9f057b,25,Mildred,Brown
d2eb86ec64b81b05abed0ea8f4164e2c1d7eb407d1a7a7d4cfea86aeed673ba8,26,Jimmy,Bell
3e926553371c9be3133c4be1e82ca1be6ae346aa5e33ad917a4b2980109b9e32,27,Carolyn,Burke
103d355c54a163caa26d9dea4dcb195195ce8f1bc93537d677f8817e25099307,28,Martin,Morrison
fb3a7bb3026e465a646b5975c63def0d2740f654b29b13549d35a4371c8f90a5,29,Raymond,Frazier
b0958c528ab434049f69c5aa8487a37135e7b7d6c5cefeaaea8d3a02506ce329,30,Brenda,Lawrence
24b9612a23dc2980dfd004f6539005a6506425c0ff0a231765bd23e189609801,31,Irene,Baker
c36e9f2fbf6f1d223260ef7e5994efaf47dc180489b0ed1c10582f63d3a4f2c8,32,Chris,Marshall
d158acf629b29c6bc5ce77b5fde5e841675e3b14217c12c6740b99c8e437a8ea,33,Joan,Martinez
8c3fd0d5395e43cdd32c15a0196c83028e4edb8fcd658126b1400193ce6c68bc,34,Tammy,Ramos
4d7affccaec9171aaea43568848af6c4293768ad8973ac15fea8c16897a3ab6a,35,Lois,Morgan
fb80e72adcee92f90c8f7ca2570a756adcfea4673343553b3e52116a68b1f80e,36,Russell,Scott
194b8682dc6b417ea7eb732476f7a90c9bb4cb0fe5f706a40f70aad6c9615d41,37,Nancy,Garrett
dace7e8983ef73880d3a9f082794910968ed53b1b7bedc0fda8d8935a384976c,38,Carol,Carroll
2ebbd3fa5156375dfd10d9c1b8f30f2c03212feae9d16dccb569612985e85970,39,Janet,Sanders
41db01e62176009778198ddad129e49ed669f3222d0d8bce5e0249d827cc77b0,40,Ashley,Jacobs
50ac6af9a75e9bfe4328f0bf31a953396396e4a57fabf39e3734261ce12904ab,41,Jimmy,Burns
1dee031fdff6766626c45363b19e4fb5de10f6fa87e4c37990d27b72b3935342,42,Beverly,Williamson
d3fe6a9a5f5670ea5a730c5a547fc377733ad66111c20e6e39c977d9aeefaf5d,43,Douglas,Freeman
e80176ebee5d725203ebf537c0706fc197748ab308e90d8462530c84766913d2,44,Steve,Arnold
1b88008fd4f87955a32082213414780c31fc95e17115479a560e6aba4c017966,45,Martin,Garcia
4db69408deb58614f950faf353c6f07413550647a3a223bf913b69bfe2d92bea,46,Harold,Anderson
a8c7ba599bf76eb0be60a33e0b45ce1948a3cf67419626501a62210dcaebf3d4,47,Virginia,White
7da89256c4bdfa3c05ed1e4e9b88a3b3008aab5f802ac4fe7381e5346e5c0982,48,Carl,Howell
9cdb884f95611ad867bfd72f266fc13f6d4357e11a5945e5b6227f3ef330685c,49,Julie,Simmons
5939dbee3f31539933565f4172388c9a104081799b7ef1deae88995a55352ac6,50,Richard,Hernandez
4296d6a1144b1ecb32972bc0bdda8de959f1b1cf56d97b659a3ee48aae5dd846,51,Jane,Long
bc17f8816c40746584954733327560e09a83ea3b8c11f6fcad00875941e66a4e,52,Nicole,Cox
44e3fbbf0a27081bbbfd558bb02b2658e661d63f043e7f3d9f4509e95827a18b,53,Gary,Oliver
6fcba4523010d05316d30be40b753901ff202d17dba0f387ae05c2962d464e0f,54,Nicholas,White
8187f2f881c0841a4133e2c1b7c087a06f85a9bde7b2c002ccc769a5f2200ea4,55,Carlos,Ferguson
e0908734fa86dfa06e33b0796dd88a662f22a93893fc7ddb7ad1601fdc9b2773,56,Carolyn,Edwards
bee1e61932b9df42a55fdf26b6978c3b8f454d14f6c1a4a163d58385adbaca62,57,Shirley,Warren
67d1c1b9a703fef656106e2ead5404a28b39d5c052e509c4239a109ffa6a9714,58,Rose,Gardner
c60b8d801bcbfedd9b3a28cc130e341a646f21edacd105bebe1a603f495c0f3f,59,Peter,Smith
990a1dae1ee8879f21cba59c3b6c45128024dd4c7ca497a02b775d1ef9141143,60,Andrew,Marshall
537c7dde8de3240299876d55c7facc76742b911ac25fbc5d2e5fa5e976f16dce,61,Fred,Carr
4034974ad0066248c0cca4084a3f27ea05dc7ade0ac423dea0425069f0faa677,62,Terry,Webb
1bf9a90722eab7c90a15d792b52390526e1d7c9c69ca7e88b914a6ac6f6218bf,63,Craig,Price
1429412311be2efd0730ab1e4e9916d943b30a072025ef31d4bdcb4db947bf14,64,Gary,Duncan
3bcc45dbad2ba88f59852a02ecd00cf435609e42b19e1e95948e0885ebf6815e,65,Steve,Gomez
02f0d76a6e30a29870ff3f1e892d471b25ec5513a63ea009df7aebfd6004523a,66,Susan,Snyder
f97782aa49752a7f96ff8d373568b2c20fc18c01849fb0be2e2eefa4d8554aa8,67,Charles,Medina
fe1a4695e7d90ddbeb0a380e84dab7f9e350c3015a172aea903fd466aa84420d,68,Diane,Garcia
bbcf4f3b40e68d787f973c36c2a89482636831ea4ac5325da9391bbf0668ec6d,69,Bruce,Mason
57a56d27449a53370e4b330c7227f89e733ac6dacb46de049c048edc4ad837c6,70,Evelyn,Carroll
41b442b1e4bc0084a00580dd9e2afe4212f083346546e2311c3436b586d7d7af,71,Edward,Bell
85c40e34c12e8bb17dc773cde3da2d7b0755da32c6ced1d681e870f43dddc69b,72,Jacqueline,Oliver
82478b68313183cc819aac10810a6e03e9a7f37b52a5a7f330fc03fc2c535427,73,Joan,Welch
5846de7749713b915b761c8cdfcf7361574310ce070b84f415ef2dc7aceb333b,74,Martha,Coleman
71d3bd2ae9d66c90305020f78aee399b306a80b4be781bd6adb6055efbd7df1e,75,Jose,Mitchell
c978c3f96ac5d9fcae8d4cc61835413c71427ebc7f519be72366a7951ee569ac,76,Doris,Flores
cc254e483b75c74aaf5609b125e7322aa75e5a1d0c625b6c53c47af0f8aa0e8c,77,Johnny,Collins
344a3ec37696df363990b18614ed78b2250292ddbcd5f745da916527d7262029,78,Juan,Reed
5c3b1e216869d0601308669e345ae38372dbff2a704450efde0509a0374a8f5b,79,Michelle,Crawford
8079875e2230d95c7296aebbb73c02a9095736b35535d0bf3995cfcc2d3a016d,80,Betty,Ray
930be6734a82ef7ad35794980db515792215d8b3e9c716f71744ef0964f85992,81,Tina,Evans
23c4275a625b4b4bbb6cb8160202d40b48684e6e7a5669008efbfe7cd8ac3f98,82,Tammy,Crawford
d4b3eb3bfc73fb98180416efebcf6d564f46a30b2a3f6ed0edb3ada2fa8ba6e4,83,Anne,Reed
2341f46506a9936e70dec184eed1e82e559cefca2f8ef9cba53ed47ce9678ada,84,Shirley,Hughes
7b9a7ab83ed413a689a54e09c62b5f5700b22b5404452216a1c12dee66378457,85,Marilyn,Carroll
7e1f3c9789cd6210d17240ca79315ac5eda2ee03e6507f8eb06bf1b73176da30,86,Donald,Brown
8c0d8441f4cd8506e10b5830bf771af46ac4f21cbdb696756889f9823c0cc5f2,87,Kathleen,Hunt
ce2edff22744d7d3a65e484b9b5422c67e610bc1b5b6a6c08df4e98fb05fc511,88,Victor,Cole
28afa0a7a7474e31dfd4970bf3032fd05c21022323fc4ed4374df5077a859f78,89,Eugene,Lopez
4a1e39fee0bff369ac9c6f48c1ac1ce2f7b4a6e895b4bbd66938e20dfa61bbc2,90,Howard,Martinez
feb96cbb68699324bd2d32e39e164ca0255dfc69b829e09044b37381d09ab0f4,91,Rebecca,Bailey
7ffc7079e0ad5d0ceb1affbcb6b26859c409bc625a7cdad662576696f8606bd1,92,Nancy,Evans
d426191f59c6c3b1b7d8f60c805558fd5108eaaa4d560734b8a61ab1410c1249,93,Diane,Gomez
80c881bb9f73d7e513051c04bd8b76849bd287a29793b59953b8388888725567,94,Ruby,Gutierrez
343b24d98f45dc5635b909706c6cf9dc882d0d5918c141e413b9b355db74bf33,95,Patricia,Peterson
d55072635aca957403913715182b89c8fdb3ed88f07fd5e81bd7020fb16e34a3,96,Lisa,Wood
3e9c98b377f01ad7b80442295b2e2d9213b151dd794b3948d66b333a286ea6d9,97,Phillip,Jones
3086cebf41630495c08fe5b2af4c6bada58b421fdad4a30e7f0a9ac4ff929bce,98,Lillian,Price
cd64b07f09b1bb695998e011d3c292da5d2c95e084e0a5d12d100f4ba7f8753b,99,Craig,Dean
305c6276e1e831a187b74cac22696e0861451126306b37645d00c63a46814f5e,100,Christopher,Vasquez
0487d5d63712a99408583bc69f6c1694531530f316706767e7f5d9aea795d7e5,101,Jack,Stewart
8098b06eb65dc0296df2906d14cb812b195cf3e09bcda6ad31cbae0598391ab9,102,Jessica,Hunter
e13601709932b85387b422acde29d15c980ee83d40f74ed2b2e9654b54e7a2f0,103,Johnny,Kennedy
6f9679de87b12fa85a3d8c76d95a250295788c701ad4ed257f8272f93025d1f1,104,Sean,Hansen
5c798860a1f58964e8444ff555783738adc83d0061fb3744ac6405169f1ac7d0,105,Arthur,Phillips
55d8f112b360e28af50f2da660abb2f193160f3c7e42806ce4533ed666546ad4,106,Jeffrey,Wright
dcaa7eb09ad6d37293a7bf1ff211fabad40bc2a90f087b2bbc8a31cdb1d2ff68,107,Kimberly,Banks
5e4a1efd565d6d28ac865baaec670215fd1e1fc1af982da803be7fc996cafe7b,108,Phillip,Howard
ee98d2748f6251f1606cad035e4e477917da81d24eb3bd1d27ef2d207d0b8229,109,Tina,Mccoy
a04f8865fc1a91aa5e35bf88eb08c5e51ae8d539f0cf24dad962afba4b3b426b,110,Frances,Martinez
d0149431b6e4e2514947c18a6bfc7e6ab0fc19668e0afb1c0d477bcc858863cb,111,Jane,Jenkins
b254b6c0d9636df853ead542505fe1a6ebbd9852e8b52a593469d00aaf57b6b5,112,Joseph,Owens
c9d814be4596ae10133715c061fbaf9261d3a7cac57777c55f9eab6c9397392c,113,Ernest,Clark
bc23409f73aa0656164f0fecffd099e85283c522ae3956002d6770410edebd7b,114,Kathryn,Freeman
f7a30cce1f66034abbb19e4c0b71a7a048bef540aafa6a667dc2ff1eaf4ccc2a,115,Barbara,Gonzales
c4c84e404fc635649f5889c688081f31344278834a18d2677200b3262a81880b,116,Lori,Kelley
472d7274b64535017d51ed89a135a3eded1f0da8962f51fc70c392d68708e21c,117,Jean,Jenkins
7292bb4d056d96fc52941482c55e248ed4b9758f9ad7f7a134e50ef31029cbb5,118,Samuel,Stevens
07386fc443637722ed5d5ff91f5bdb45f3739dacd3d99079bd5dd7cedc9631c0,119,Johnny,Gardner
2700ffefd2b28e33cfbb5b34f708788f304aa6423b63d93255c8fe4d275512d1,120,Sean,Snyder
0ff3e83fc58a536b862c8f1b79fc78733b67a714de364dd9c1eedd3fed3c80e5,121,Harry,Sims
52af08847191d23a7f0fafdd292ded3ff9cffbb5f1c8b348e4cf453018910b1f,122,Tina,Medina
4defcc29a3a5138e102b620733181f4f43addd64689ad8aa14c5d7273f357f54,123,Brian,Smith
518607ab9e14722ab969d2cd547bee0e992e6a28a7148e98b24ee8ad4fd6f371,124,Eugene,Olson
80747ab60f9e9feb3226ef2e9e2d7f6813a890211de57f2147f2ca8ce596e88d,125,Larry,Bishop
63b6ba9647c060398f2dcd0f8126839ca9f974af7f954985f50e398bf0c77fbd,126,Rebecca,Rodriguez
31f0c356b993f71e9d6750ac2650a4b86b6bcbf345d6b4e20cb7549f4024c6e1,127,Marie,Banks
282b2cadb88bc47759b3ba98a0754260aebff34082e14a0bff8c39536ddbbb95,128,Robert,Chavez
5203eebea006f0caacca6e0a4058dedd44e65319f0a071d20c76f50b7d264a2e,129,Bonnie,Clark
5cdac323f7fe1d888bdb7e62e38feb0f0d34ddf1495483c0ddc5d3f51a5c6e25,130,Ralph,Franklin
20cf002d3fa2c9ec326471db05a3e8f3ea69f453e0d513a1f02cd73d3eca4a80,131,Andrea,Hudson
fb7153395986f9f3966f734e2198a9f4cafb6f83ec9abe3738f192e975109d10,132,Donald,Mason
0fde30bb4dea617fd3a0e180b728e2f812efaf28ff2b4eb8a451d8b894dc7b47,133,Ronald,Patterson
6dd8205a6b95f1784be93f314ec466b2bd00999ad604013b2209587224cb9603,134,Joyce,Lynch
cfd8b9e4d3ba33bb5f571906047fda5ef96f7135a28c84815ea3dc5f4d3a0068,135,Henry,Austin
f4fb4de375af34e34b4b1150edb4fbe3eaf500c346928ae2325ac3f81264e855,136,David,Gardner
86dda01873c6525cd43c30544d4d9ed2908f84c27f53e0a359d2aeb4b8ffaee9,137,Jonathan,Diaz
b1a23ade2f5ec4c69842e1dd730a2233a1ad6a429971f1fbea95a281fefeb7e8,138,Judith,Jacobs
e4b49e0097d570a7be38981b0bc8dae1fe72933e54dced12f4097f39f8d5f7fe,139,Stephanie,Ray
99d6e885d085f3ac55618416c7c9421341917086f42ecad7aad3291e3fca5736,140,Andrew,Morrison
2a82548110bdb17bacbf2abe430e966eab3e22c713fb5e9bcb1eeeeb8830878b,141,George,Watson
8fca5033228671070fd135e8e9050f884e96220727dff2f7b648ef587c579dca,142,Phillip,Johnston
05e449da89bc78b821b1f2e8e3b75d7a54b4e73bdc80c9f784975d697d6daaf9,143,Mary,Thomas
fc57e28be43fb33ca3946f3dde94a9fd60b750d832bede19dd184575af0e2cb3,144,Beverly,Tucker
a4eca3821b0180d14b94beb39457b7f91af68af3a2838d10d1d3495e4dffc32b,145,Jason,Graham
2b3de2ef6a7f9094b4802344feb2d3f1b10bf62fd50b052b5272c983bea49f64,146,Ronald,Rodriguez
980a418283013250b16f662bc620190e876ee162f22a6d54af027bc24f3c9339,147,Linda,Murray
b0bae42e0c27f1e730862cb9649e9aab7e3369aa342e58001d9bf64bfa0e8806,148,Lawrence,Bryant
c96a4ebf91bd95a9f24f64b0e9bf549d1660376a5bb3d4e87781cde1b0ba4924,149,Henry,Jones
625880e9782de134dd555aedc91388b37df45418498a7cbad638e20752860eb9,150,Jeremy,Cole
000323d62e8b38b636c78618f4982e2086a24e3d0275e3c787279fac5ba784ad,151,Shawn,Spencer
eb65cc1931c10078fc1fa40db769668fc83ecbd4fcb473d767ae4dba27ef3d47,152,Gloria,Gilbert
ca8850462703a6ccf2772f927cc0f1c1e4b86dff6d34e4b9133e7e509829129f,153,David,Robinson
497d26951ac1f6cdb265017a24923b44812eb00e78239fae91a6c9deebd5ab47,154,Samuel,Fernandez
8b5498c2c93f6247f854f601f51415518d5b97b1349f36dd59de3622dc07f21a,155,Fred,Gilbert
a4f0511b9eb35cab57ed755675d6d8ed84c000c4cb55ef5e229331267d46ec54,156,Billy,Lopez
59d3006a34acb3245750e2907f1a630e850fefa2ce52c1c0ebed1399627603a4,157,Jacqueline,Martinez
5adbd368c0f3d9d090f81e516675d4d6de9b92b6b3feb963ed1dcf148702b356,158,Craig,Fisher
227ab6c6484093be0d79f20de0b5c21a9725c6b0dc12c2bc3108be2c420e97fc,159,Julie,Ferguson
3978870e45bdfb00d1eaeb9e9cce63e52475d6aac89505b5273bf60ff63be84d,160,Kevin,Sims
75800df673020e311df38de1edb8b083cb48b07aa90ab71690f391f077b52d9f,161,Ashley,Robertson
03a68dead49a66723dd26c284e02c43df5c8184ab37c250ca31dff31f8eb3dda,162,Virginia,Meyer
3a4371cc6a4344d7fe5990173286ddbca0d5a7678988067987080a8029800059,163,Kathryn,Burke
9f115d8e09b34b24ebc991a79854df5985f4016993c372a9b9f02ce3af1e2e36,164,Patrick,Rice
3722bd47b264a756842635ba9665ab9b3ff83a7e5eb9a73670f7481b1d08c66c,165,Earl,Anderson
a2999dff9a56a402ffb4b6e6fd73a7cd12933ea171acec01dbd6d258e353cdcb,166,Ryan,Hunt
8fb85c9ec64565d64e13e8678e737a1c03fd7e545d73aad2e1b0bcebb56125f9,167,Janet,Williamson
15aac0ec85491c6ca9efd9693f6fdbb54172fb828e330fad6eb3a2d67552ef42,168,Adam,George
e8931b8eff269a6c8ad358e07178ed60fd0a10844ed9a5269fa1adb46f1d64ca,169,Louise,Nelson
614f0542655d3dacbbb8259141460e59f8dc6a8186d6d521267380e975c9821f,170,Jean,Hernandez
0b290ac39c710b97dd3d2bc8750a191c572d520fc6199a4b9391fdd95913f181,171,Lois,Ray
49985ef34674729f130acf1d70e356f46d5c011ed14ac1bf57991ccc9c936f7e,172,Thomas,Jones
2d0bc765607cd1ee2dd76035431808ff8a0de6320e812cd215aaa401c5446c52,173,Evelyn,Ramirez
6b9e21bdc6c7d6cc82625af794d6c830db0f3e459ed3efd0cac1a8c2f4bc804e,174,Benjamin,Romero
0959d83941314037e2638dc67739a63533ddd9cab382fc77041740e1b62d7dd6,175,Marilyn,Daniels
92df6bb73f58e1864162e118dd12a271f93c784b1a0da3e61dc4c0e83a2ee714,176,Earl,Russell
81a40f50db5dbd8f012a79112936c6e76d5440ff98f50a0f1ade6e9e2740fdbd,177,David,Perkins
720b6b9396ee351a0d14824c260f7cefe6af2f5dce5fa2bbb9417d42905019b5,178,Kimberly,Henry
342ed644ebeda8268b021815e431c25a222be99b192b6199d2bb1eb583e3e5ae,179,Jessica,Watkins
1cccb584af93bcc8c7c5e96c01eeb804b0477bc01800e6fc640d05927545c1f4,180,Juan,Simmons
9e982f7dccdf4581c2bb8c9ccd47ed472994d2e6cdc7c8b7f630cc961f4e6304,181,Carl,James
c46de45b000d1a566080ffbde83d7d98a35e4be225b3318403676507c7f4eee7,182,Katherine,Evans
8e6bfd6045bce4aa1dc8101106e655103d0f8eba53daf84fdfa4e631443d521e,183,Andrea,Gordon
cb41a804085f88e004f606504cbe17c957493cf28bca7144ac54fa1ffa504ae5,184,Ronald,Phillips
7fe2ce3a4bba624b463c086b333531541bb34183cceebfe2818b4ee266553a43,185,Howard,Henderson
35291b8d88f5dac27a925ed0148077b8c6d0e0bbddd3be79e7429fc4ee1d86e4,186,Amanda,Russell
1482ed5652cc23f31ce4a17549dee8f33b28d283aa25787d2dfc215b4a3893c6,187,Terry,Lee
1f800de2908d6d78bcacd54b3a7fa26d8f80ec6e133ebd992c3d7c1b984abb2e,188,Marilyn,Welch
54ee00fc1ca4416d8aed8015b45daa9aa84b9368456d7e322d8456218a13a4cf,189,Annie,Jenkins
4a40b035f6e952c53a8050626096129514f9aa02d2fc2f7071a6c3414b2f1eb3,190,Marie,Parker
038223851461e7aff2bc057367bd304c802d9e4aea469e1d14446e4b2107f992,191,Philip,Meyer
8c04050aacd6866d8d2236319e6dac8b45e9366f60bddf533e5aeaef33cc9fa6,192,Patrick,Hill
e600da42c59b5f8cfd3c05be6325c31262021fbc972715bb0c91ecbb50ed6343,193,Beverly,Burke
429a12d5e0202a015193b1f9061e1f5013cfe085679795a7e11e5b9145c936ce,194,Chris,Thomas
8ec82454252aeb0bcab5508c1f6028f8e00812ccafe4557791eb4587a61ac293,195,Donna,Wood
1f7de0a8610ab47a84ae3bf7c53942ae6004f7e2cb39635179778273cb56c902,196,Theresa,Robertson
584f865d8caf68e3c30e399726eeb8ff3ee14a9e4774275905faf289dbd3ec76,197,Katherine,Mendoza
89e20d274337817a4a8f3797bc03a7d074d4e8f6cb6f9027b4d256099c6ba6f3,198,Jerry,Lawson
ee97c9c3159890e7dfa9ebdb8fcb0e0092da0ec4c9b7177f8188ec8f4930b113,199,Janet,Andrews
04971a933d2fdf47ae78c3c2cbfc09243c9442eb617d2d5c80cc08ab4c20e4a6,200,Lois,Nelson
f30a73f73648875a94f763ece9b60694400435b52eb9f202fd3e12e270c75306,201,Diana,Hernandez
064518fcc7c3325c676d9cf6a03857d10552816adb1a4b01543bd359b273f691,202,Frank,Snyder
bb76159bad5957d2ef5926a98adebb909ece216c252b50a60f27176c390690e9,203,Beverly,Coleman
ca0703bcf7fb6411bb25edfe33c7f167a93deb4f6e93666a12e9b50a1282f14b,204,Jacqueline,Chavez
d143ce0417d31db62cef714dc8cd072009a4797876a2352559fc8436837b37d1,205,Gregory,Smith
82f08050b2c516500a40ae11bf1d57fdbbfcad799c59642db784f625ce909597,206,Diane,Mcdonald
334749cc78398a7bcf5771408c3dbfc568eadb8f2dcdeb898a95fcddc69fb969,207,Roger,Reyes
374351d47478b83e4b7ed38f7d5fcbea74949cad59c93a45acb94326bb99a478,208,Russell,Frazier
56a289a7233095ed352da4fea99062c54032e21e7944df4f156fee37bdfe81ab,209,Heather,Sanchez
edf8f4a56c1a844fd8437e02a0c82f16551087c0350c4d218d2cf83040a56ea2,210,Andrew,Peterson
804f4363abe3d9e6d4ce8ebdeee4d682213dc9319f72013097ee60b09a82b838,211,Kelly,Ward
c07bdf95cd1097549312c10dda63cfceac2765c1ebbf94dfba1fc2bcd7907276,212,Joan,Burke
4cc3e4075b964455d7d3f159fcfa63a815fec516f848be64a1641eaee8f7742b,213,Jason,Richards
4ce74419deb06059ca353e1ca57a89f45025ceb3247c9b5e720743135fa3f0a6,214,Jesse,Butler
be61c7040d79e1c6685d1e253d1babbaf362143d6291acdde48ba23e2aa41e2d,215,Craig,Ellis
0f20c10b65a990183b0bd74aea483d61ac8d2391ad39eeead013be736f857d02,216,Melissa,Dixon
6ac3f640d40f17f06f43fb3c403f260eae8261b9848ef75938440ef281b817a6,217,Gloria,Bishop
981daa27e788088e05baaa0f7de6f033adb81ef4cbcb34a002f4ea9e719a4864,218,Gregory,Adams
104414e483a10d4d9d9046938f5b490c72a2fb2e121161b811e289214a4f96fa,219,Ronald,Wagner
5bfd48057d5b7b9c94d347bd5875eb26e3d5d3c85907e51b2f49b599b39669d1,220,Dorothy,Garrett
a7903a62d22b227926e84dcf4fb05cc0ce8edb9bb4be5cd8a9d172132ed48b56,221,Jeremy,Porter
1ae3f982fe16e66b0d491953008dba6b483338b3421a054d5aae66c90f277733,222,Sarah,Wheeler
fb0507c8d1e818d15f7b743f5e50508d329794522dc84c0f68772f67df0053bf,223,Nicholas,Nguyen
93ae034dad6bbe8badcae093c323e0c3bc3f39fa7d7f5578000bddf42444e455,224,Ann,Hansen
6b4568636491881a7520fe28d23f31754c1a4585be1c1bcac6687a521e9c0b4a,225,Christina,Gonzales
a9b1820491cdcd20a88c46430860b1aebd0c63cf195c9a2c9eebe94ec8eafc83,226,Michael,Jordan
8c48936057316ec4f41bb79bbd4fb5187e75a8a53a97b715104c743da4667d0b,227,Ronald,Gutierrez
48a8da347f534836b8a4896def84af92206ea5bc5b323b8ebaf63c00af20b63f,228,Christina,Simmons
913acdb65983febf6864c9caad97af9641a10201ad35d60c62401dd732d5951a,229,Randy,Richards
39cecb1e8b11a3cd73cad17ac558522badb617b049e675a1c51f4b86bbf17e8c,230,Deborah,Wallace
9fc73a980c407a4be77145c11b54d068bf9557950cbb512ab24ac709bf8c52d5,231,Kevin,Stevens
1ada0f569a4a9dda2d5ffdff0898d83d9514f87b5c62f226d1a5cf4052594890,232,Jimmy,Ramos
e83abc162f8c4c2d23ad7c83b0d36e8bc5f6efa2945bcbb49c9cba1d22c29e52,233,Karen,Andrews
0e8500aed7d0ab988e9b629fe09597a0550fa2716df2e010196fa3bce7e1eaa1,234,Brenda,Ferguson
1183ea43fc0a24a60e0f2e7ea4e99922e74f04c88a3f88485e1901e91a04fe25,235,Martin,Young
8f2e78d5bb72c281352f202340a9dd27506d5d511a17c17922e13597058d8418,236,Brenda,Martin
30e24ccfe87efa129fa8702a31d4306ae41e1a011366c2630183d6c0b60d38c0,237,Alan,Robinson
490281461b802387defc75e826bef9ca2b35541928399dacdf37032289ece043,238,Kathryn,Duncan
0fa03219c09838db0d39615ea90e05b9ca1e81350497f670bcf002cdb1eab06f,239,Steve,Stevens
3520e4138d7233a318093fab896342a31b325605a0c18857c82c420f56cabb1b,240,Fred,Woods
27027c989e1342cef9e74a1ffa4040831f9af5f7f193a0288073ccd263aed040,241,Gerald,Mitchell
67d569f2b0a5985a85eec1ce1abd58f5bd2a092efb6415b7c0e9e1f5acd71ea1,242,Theresa,Snyder
54a5f8c3248a1a1b63293b0ab7ac114797c8c5a654a9aca5c69a033b48adad00,243,Patricia,Nichols
f6549cb77a4acc5851bc63737944ea607c47431faa5bb67b8c13599e093dae17,244,Norma,Robertson
f98f44a9d5a57772df3738b7ecbc451f0f56639d9abf9394969c990c4d072e93,245,Theresa,Bradley
ad3716c061d980bf664eb1d106896aaf91b3550b9ee31efbc8f0acec68f74309,246,Wanda,Freeman
bea6f161789e4e05bb2a5ef3fe6305e838c0d4a7b45a6d780df28f49505a3e79,247,Kathy,Watson
0ac8faeb7d5542b829db6f010710a4032d68609a58fb826caf3c8913eec7d39a,248,Carolyn,Brown
622201dff502f40f3c66c1777bf135d5fe1eebc5777fc5f63e8f448f73aa904e,249,Janet,Kennedy
b09cb139ecdbab167b06c7dfd6a3e8c5c6ab70e563330d5e54061ed7122a9aca,250,Tina,Gonzalez
