﻿stripeCustomerId,id,name
6631e503f55b7c24e41800a5f7150a38a165770906620fe4278feb1d929bfae1,1,Rhybox
6bef13852bac49b1ff3028b66becde2d199c5e5efc81e292c48457292ccf9aa4,2,Gabtune
1b76ab5f2f687e1ecf6ef30f889148b8647f4e7e891a7ec699c15e2b1d2de8da,3,Miboo
4b95a4fac24b425074e46ac645cb752798efcd117910f8fcc24951a5ae42a863,4,Roodel
ad89a3cffd0a16eb3a2bb56ef3133cbab0919cb42a9f68c0e6dc9762fdff0cac,5,Tazzy
234ead9ffb9b973eef74cc4877d06b6f4d995b090e2de97d2661d6534a9d5996,6,Wikido
9cdfd897529a4ab9638f371a58ebb2c75913d4eb73a2c4876bba26a3ae1ffb27,7,BlogXS
038b6a0849370f0c9c9b0d6b55d3277828267e7da83b6ea572354dc7f35ad78e,8,Quimm
961c9cd4c8d30567f844c12660ebb2c66eac06e3d33277376d171524003a6563,9,Brightbean
15620f6ee75fe5d88358a53cc86a0cfb3c31cdd43e582606a1f39966d1f39d20,10,Flashdog
b33d6e6906e0981e862bd7df58d5af13743229acfeb719f0de40561353dc6836,11,Pixope
4e6de31d964e1e98a90be989551d51edf545366ee0399ffda0385c0ff0a7fec0,12,Bubblebox
ce0d7cd086dd3297bc4ecf83571d4fd8e7aa8f78e1f191775394429295f5d5a2,13,Browsebug
81b585dae0cf00f179da2fa0a1aaf62b79fb3381868d8c08c498dc916b4ec86f,14,Livepath
10ad78ab0c96ac8ed9788b98f9f108c7a1d82c350c2319f04f57dfe32c7fde40,15,Mymm
bc47db0643096eaa9d0d29644df2cde78bfb670e915932fe51c7ce699f8bf65a,16,Brightdog
78bf9a363c2ebc24bc1d98a69e1641ecba2950aea781f907e36372436c43e6e9,17,Teklist
bf6de7986246602129c4921e1aa9f8baa53287d2834cd285e4f276ae37aa87ca,18,Fivespan
84e5b25c4f5bcdce2bf6353b24d73c10d90a7595a2df0c1fa1d0a777d3294eeb,19,Bubbletube
51bd38c45bc0e53182e96014eefe7145632f88538ec1cfff2482599bb9cd6e1e,20,Edgeblab
27b179639489d510d3ebacfcd504ae9b12b0b0e0a0b79f4a45bfadadb2ad2336,21,Rhyzio
7388bb063ca43aac9944ee1aa72084ace03e80fd90a49d417b1c83ac7eefde30,22,Fadeo
516cec433cb47de17bad84da20549bd6a75ea2f74f3e3f1c7a928866fae76b64,23,Edgetag
c1a06b38952fe36e4d4acdb9800783c68bcb4a10b97b7bc7f873961d09a70849,24,Blogtag
0e97883666bcf183a5b49ccb6f7fea7f25e337eeefb3e05062156950189b5d46,25,Yata
6cab2a3940dd56cbb842fe3e63b648af45b0f0aeec773066f08d0a2ec3d15b37,26,Podcat
767381dadf33535a4969eb1939bdaff22ec4ec5d21d0f85b19e0503de52ab36e,27,Topdrive
9e665d53195b9c9a2a0b5bb6edc0f2f3616ade645c4fc4a47522f0a46a928d29,28,Katz
dae52d35fb877db8f423feb52e3678825b646c9e074e26d654fd8ecf6062261b,29,Dynazzy
15ac3e1d64f3af5409703ca14a83166101fc0f5b8eb34176c0ea3085a5b1d843,30,Skivee
f391c6cbc08d7b2979a7cd4e1ffed4fb9e42c5966e89cef033772d98e6c8d233,31,Wordpedia
0159c624e54d776e1b1b9f35524861a0359b92be528b27b63373cc4e3a9819c5,32,Fivebridge
7ec83b4496f7ac7eeaf992ce03902d3c8ad644490b55b180b8017ad5c41359c1,33,Photojam
c5c394c7e484d99e9808af96e28b10082369248de5fc003cebf0d255a42c66f3,34,Twitterworks
c9311662b2991a311622489b4170044debd3f89f3950edaee7a9893eb5588def,35,Nlounge
7593016c4a93b7a4638ddf3388e34bb0f73f28b505bc1cdf51d21ede9895e9e8,36,Zazio
4ed5c416777d0b44d037b38701016c3db0386cc19cb0008c2750929673685556,37,Centimia
344832491a0c8091931e3ea917d282d9ac289d3aaf5f2ab006f8332345d87b32,38,Jabbertype
53858d5b970fe1b4270db5002a971b73ee9e1f80e162d93d91c25390caa37704,39,Yodoo
757d87ef5979fa9d4717fb064ba948d92bc0be63c1b7b59d8e0286cea0653d73,40,Skyble
eed0f30563485bad4d550edcb707bda6b66d3a6ef7d62ffd6e03953104514105,41,Skyba
e6792254b2d76826dfe2cfba0a216dd3ec1bc1cce4f5a2479ac3d449ffe922e4,42,Browsedrive
38083fbfca368ced5b132025441ba30b49b938303b42bbba0a40c3daae44b128,43,Centizu
8b60597904bf20584aa0c6524056bd701a0edd42fc529a7f62e0e327aff38f62,44,Blogspan
3527a92f2884afbec69d7c62ee5de69de365b9e884c157a61780f8491e93fcb7,45,Fliptune
775094ff34d4a0becd0f47d9e9d9deb1dfc7edffd7380ff42d33714ce378344d,46,Meevee
43273cc4c7b9651a4a02dafabcff1e4a4e46c03dfe13071fca33d7b568e9f771,47,Photobug
874ddf42e736914d71c5fc0bbfb5614ba77d8c6ee9b35e0b559217c20176aa4f,48,Agivu
a470ae38c74cc58fc407ffd06a481fe5d74a967ec3f81b104628b11652bc93a4,49,Photolist
0566d106878e92acdd3b1ee35dbb30c45b60f84d21c98c9d14eb7939548d5667,50,Leexo
b264bf8197fe0dd826839e3b26d52105eb32ba7c5c194ab2ef8f4a08d047b6d4,51,Thoughtbeat
7536b0c0c8f6be0067d276db2e6ff3ae9a71f85d7e230569b59a27f73f585c2a,52,Snaptags
f576bcb020e9da0d67a879ec0ac89e54d3874ab14d455214a2486a1e4927ad1a,53,Thoughtworks
4cb4626e11c36b094abdfb8631835417dfeb2cf738209efc1766c4a09f4d4a9f,54,Quamba
d512d50974f6bb5b373eea82ad9bb4b9e309028f45732f24440d764487304d5c,55,Eimbee
0d53f646cdbe95c73119d02e6d4a96fdc1c6a99042d6ba55a0d99d0b50e92b4d,56,Devify
b400236ae6e96e4ba1fc7b52ed127e0992784ce265a3c2dc0e84912d63b795c3,57,Cogibox
719d290996eb154135500fafa0916e8ba68e0ad7b36353a64fffdf898a6fa806,58,Skiptube
b9db77803e4d0bfe496ce0db8ec698e0524dcb6510caf2a7ee11c0dab660b9aa,59,Skynoodle
094eeeaa9de776f579e8f204f980d96eb84727b47efe0df037c4bcd0aa0867a8,60,Kaymbo
9e223e6d25137ec1ebe854d24cedd79f2072d9ddc24cf9d6417816abca0f1084,61,Midel
d28ffc4760d4d451f17f1a8f43b879c3b214fd998eb2970e840d8592223361ed,62,Leexo
120749472fbf8e7770ef0998bf3b60437bdef1cd8d7a4b733dc039f52695c8c1,63,Yozio
0bf938c11f74010eb85e95157cfb8eeec66ae79c2cf0c97871aa4438ab650f12,64,Bluezoom
ec2aff8a3a10e10780b1bad9e1fb674019efb05f9f71cec3339a59828f93aecc,65,Rhynoodle
6cd04c6ed0834a85cab952d052b15bf7ba0bc883beb02ab52285ba4a87dabea9,66,Nlounge
be1e56aee208b3edaa0e3620622b65fc7be0660b283fe8770cc58e35c365afd3,67,Kwinu
f4319730e27dd781df41dadbfb2983b62ed8e630194a998c0bde9906032f9d9d,68,Mynte
c5e06829871982695fb1b1375cbcc0d189af43b3dce6117fc1357c7e6da1cb7b,69,Voomm
5307b162693be5451d63b814cfd49ba662f0dadbb9c8fe475689b5c10a2e0c08,70,Flipbug
8bac36e6493c3a2f56a1e27870c44b7a25c630b8feb5f4990f380affa315ab24,71,Buzzbean
c8a79e7785624c28480f39c93e282fd7e5aa53bafd0d65472d1dc8ec1979ce69,72,Tagfeed
9ab53bdbf4d04a1158ab61a971e0782fcf8a85c6166c912d11124d8d4035daa1,73,Twitterlist
3f8f18d504b4298039589fb7ca6483e1ee7b0534562f05bcc289e59e2014fe47,74,Cogidoo
d2b9e42006efbead5862677bfd554d65bd1ceb3da0f7333fd1e6627479f7cf84,75,Skidoo
76eb7d262465e4bae5016cceb49de71748705e6672514cb4cb35d68d7cec45b1,76,Quaxo
a99e37f28bbbfc4d53a0b9b24d5c89635fbed3914c6331fa0ead38cdcc3cde81,77,Voomm
39c4f9fe05e76b2e3f3d3705c807cf891bad61b0fbbe68210e32db14c9d887cc,78,Voonix
af9abf97d7c3ec10e92cd6212459b61c1f230d2ff6a70c6ae680b36fcc45e4cf,79,Fivebridge
d41b77d49b28d8db606526bd429b57e51314d913b3d8c62f3ef9fd6a06959e72,80,Demimbu
ee1982c7fe85f22dc24c879f0ed2c9cce22ac47ecc6d37c98ce2699f851822a0,81,Youspan
137d51be4d39fe2fccb84f985c8dab7734506fc4854055b2d0285cc92665da10,82,Skilith
e384cf108de70a03e45c542a31a181566c41ab7e9508031a2401a6ead6bd5dcd,83,Meejo
39555021605f6ef2d136589c3193aef74ccfb21044cc0604394ad067e5e17135,84,Yadel
4ac1832d4d45ef519daa541475726299ff831c4501098310b7603a19d1f7e2d5,85,Fadeo
64139b2cf0af6d60eede41d84740ab1a0d1c83a039bf59a470ccc4bd3acd0ff0,86,Gevee
85fe668791d84c30796e3cf771787f23dfa06cf332426fa4274f2f25197e7702,87,Plajo
bb5b2e6f36ea70cdc663d7a84c38fa03652d606836715fc81e98a8c2b0e3eafc,88,Yozio
732cee713028c5340e44980d3f299f6ecc3063988a5072e2e94c8c043a1b7d20,89,Browsecat
ac71da0952b77da9a805ad38318f9cc0b204f37273b9d3f1c5b0dbd980c4ede7,90,Oyoba
1c863d8c38502662e481be33bab3cb1febd2c6ee2a0ad18e3bef3c51cdb755c5,91,Buzzshare
76619d290788033c9be5a7494f851410d56c8c8dbe91b5d5a1aff7e6a2db3f80,92,Cogilith
ed217390fffa0f5934c2dccec3b4267c2ff6d7c2d7a037971566a51723b5664e,93,Topdrive
6a4bec6284d3f4b09dda26f657045971940b6cc09f538176aeef804d5653f74a,94,Mydo
ae6cb17d198700a5e6185ae930747084d2865dc12d23ea07418bc95f9a2cbcd2,95,Rhynyx
3000b8e5c91ae4c0a7918e180ba49dd722b544c8542c358419f564545b4b496d,96,JumpXS
ee1678dc80b6b7226cae1ec9fda8858f9a06061b4b58fd18908cec14727b0966,97,Snaptags
ab0b2f7418a28b0c7280c4059ff4f593f7fb9cd550e5746c6703373c467272ef,98,Vinte
d4e2eb21ad150c96fc4ea3e69906996493180d15db96dde408ebc0f91041fe73,99,Mynte
6f8bde10daf244c47bb87fe2a6edab4317aa4f3a3c8d7a0a42efd2455308d9bb,100,Edgepulse
2854be2b0f56c4661ba1412bfc4d792aabbf2ffeff132f224d4343a8ab454ca5,101,Kare
647a60aec4f83d6518a88cc37695dc0296fca6747726ea02df1eaf24951e1d0f,102,Livetube
0294d474d4676e24434214d4d6f0b4b15b9d9a3aecb47867822218d29a9eba29,103,Podcat
20828062200397f20d6c5b3a9204c9630e99847fb5b4fc175bc9614f5d751988,104,Fanoodle
de846ed9ce91aed1d36d94061ad0699dc831da691dbc1ea070ef2e6eb8b3c717,105,Jazzy
01fe660ef23677fda15cb5e05caa837d34eaf6da91dc0886255309a15a74e0a7,106,Kaymbo
4badb11efe4600cf3d7bb8a9bab0242bce46a8692393f8e0e51b7b6fb3d251ca,107,Babblestorm
cdd34ba0ae9a607bc98a6f2bf75f2d4acc6b521595be73155db02ee3a528eba2,108,Wikivu
5596c8ee83943abd4945dafccea208bf485916271294c8a8c64e924dea739f39,109,Youspan
dd4c8d3009f242a461eeff4a88a9ca857e5869a58c5f0dbf1a27170d233db9d4,110,Photobug
96ecc3c038dc05fd413f8ffdc3c70f71854397a0f57b27b38ea3a6055070916d,111,Agimba
d99e84e9b460055295c198c4b2b1ca4e122fd57c71f511c8229cd85c03e43155,112,Topiclounge
dffd44d3935deadf375c9143f02bc3aab4fa7963c56cb546cc6648579ee0c977,113,Browsezoom
2bce15b421c858bebedbd93947dd84ea7cd41a71db830364c32b07799b4e8e2f,114,Agimba
d7cd868073b0cab731ad5477e757bdaa3702c2d71157539b88ecd250ca417249,115,Tazz
43e9c0c64466816a4a90e679ba98ecf58bb1e209825d135500fe5dd0ca566b6d,116,Skyba
c66a27f823c623761954e3a4132024f5ec62d60027cdca12266f4543aefe65e2,117,Myworks
8dc31af3a0c229af9274e231c49601f1771377996fc76475576313f91f5a2653,118,Blogpad
ae12c83952bdfbff9283e7bb1e136cfe70447cfaafc7ed7d71fe8f11c39c14bd,119,Latz
8cf9e68ffbf53b3bb57e53aaaa9e7a394cbdaf9b7d1b2d73d55fad182c61b771,120,Oyondu
30d2c701a20c0267fd6900483d24384fdb702880c21a9618aeb63a8fb8079158,121,Quatz
747f9af478e99e40251f8a103ce0a2bcc80834f8074e4ac396baa4d1e0bdb152,122,Eazzy
005f1d7439ca5c3e6b0ad49b7572e697696da5761e7b88c546ec6d2c28600d51,123,Buzzshare
d49a8acada9980efeb13901cd7045e100f9acc7a2f071d2241b00fbacfa73c9e,124,Pixope
53a424d4314013c8a4117a4bebbe04a0e4b5fa4418f26331b13f9c35f298119b,125,Blogtag
ac11620d2fac7bf588f7f430c6ff14182c8abf9924dcd207699eba30f91b6a64,126,Jaxnation
0df402bf594ba56fabd634c58c0d0e83787b882e7b72967b578c1ca1c508ada9,127,Gigabox
013ebfb09daf4df93b5357542aebbabb7f47dd9b8206858102be22494dbe6ba3,128,Centimia
85a64693fb6adf602ff33d5b1ecfecab5dde4220dd5d9a29443cba47c76e1e76,129,Vimbo
7d5876caf04d62647983fe9182992052bc036107e35bf959808b8f927d0797a9,130,Skippad
9a3b759e5fa274c77002fd30f64258081d45c36eee6a185885429ad7d89d9372,131,Dabjam
3e930d6013c0d4dc3c9cad5db32172170f3d1e1769e157da181bb2f06d2f048c,132,Midel
7905c344519d7568f1974fe0b4ee7736d25dfb9bd9e4d60d67f12b02f63046a1,133,Leenti
2d9af7cba88ab8e1f5c47ea70f4618e92df92490e1132377d094576a8bb4e87f,134,Eadel
30c47f0ed6d44107691b52daa25d2001dc605e24bbaea96ae6a10a906d78c965,135,Vinder
cff066efb9ef69f0695e446116f84614e89e4307c2529b0b4f1aff56c205cbe0,136,Yakitri
353c9a305425c80cb74a2c5cb910912e7f6c4c219003d90e80f167b56838d3ca,137,Innojam
029f43c92309563dacaddfdade0a093e2f9cdcbc8337d1020b1310cc7fa8113b,138,Topicshots
5b553c85fdc0d5e57e2747a007960b16249bb3efc88e564b5eae4d23f21d65d8,139,Nlounge
1ccd49c7e5eb53db68d153512badf9de8608061daf1541679da044092b16ee01,140,Mymm
de7a439f963de2ebbbe043f4d8218f0884ea7dbe497896fd8ed24086b5c1ba7f,141,Twitterbeat
48c11dfd7dd61f852d82595628cc51c7b7bd8a4bff7d4069cb00890af70ea387,142,Edgetag
a7a807886806493efc72f377be0c7643a8689d477734c10b99c89b9499a67b7f,143,Podcat
843ddfea02bc8bdff52af807f83e6d2ebdf1078ae53d97a76c8486a1d916f65a,144,Buzzster
241200ab8d306d9af790b079e1ea56df9825498d902a9dd79ec6dd0b73dc7150,145,Aimbu
8251b06da3f6364774c5e2099f62c0bdae9cc2764198b3846f006d6b981e926c,146,Cogibox
6940a0291720796b2dd0b9a810aa3730314c0deeba34f644d844a7270b9a7a0a,147,Bubblebox
462943c9f1e17629c8d85fcaef65b91880221856e9f413b69e493544999027c7,148,Feedspan
755a55278bba6584c72945aa9fd2a3fce3ccb90ac1fb73ac45b16969766c1804,149,Wordtune
31d3d340563669be7b8574783d7de3db70e10583f5a175b803f09b29876439c3,150,Blogtag
4d1cfb540730f827cb143948d8f86eb36e06e952ec89c27191a8eb0b1f78dd20,151,Zoombeat
b598595cfb4594a9d2f55d5b54ea6102c3825aa45e182850b26689acf6d0cfb0,152,Skipstorm
43f4f9a36e269ecedc0eddf13c6ea8c2f348ded269989887a33107c054ef4874,153,Layo
f6b4a86e726522d86c28b54ed8330588e5753409214b8363747e174906302767,154,Mybuzz
45debc223d4f3c0329f86a09c77e08a80f7c1180e7dc944d78ed36f41d10721c,155,Blognation
396ecddcdb34f181dacdb6d4ca9d5bb1b304b2d2a82323cae6305b454d7c3fef,156,Yotz
ad1bb1a53a8b403ded6863fc08731fa55be659da01bfb3d2553499a82587f3ab,157,Mymm
52a5321fdbd3380e17201f8aeee8308373643490951b25f3ff9a14c0d3dc8fe6,158,Quire
56af89407dab931eb9ef96ab40336f853b5c524c649404f108d06e26ddd3f4d6,159,Eidel
692d307a3ee996cc9bd5ecca9e4cda74545fef20e9be802422394fb0e47f1d51,160,Jabbersphere
ba8e9de32bb648bc9882e97b9324758beb00ae9bec34b1ccad029d4d9fd4e40b,161,Youopia
c3c353dd5d057acd80c853d9d691ea28b2f5136c29133d12632fffd19c43984e,162,Tazzy
c21075c734f63ee4ed477ee6203a117d35d4dd8c62f3025289108836669d8309,163,Ailane
99ff095efa70736025a993e5205c366c686e9a40e9bd91fff4620dd4743902b9,164,Zooveo
09a4c7c479781e48afb05f9f41754aa573a52e6783ee6b5cb9cf9525a3a5f11e,165,Flipbug
dbd9ff3897a36d5067977ed7a5919a088871e62049da656a188002715ec102d8,166,Linklinks
8ae351cb6f9bafa26d3ca67bc6712e3fad3826f39c28e4b440c1856a22a0af9f,167,Yakijo
dff74809676bf2c96e06da14915e7d5ff5586f03df02f5ca3a951436f1e657f9,168,Meemm
4528d707f4bc9412aa6aa8e22491e4ade03c7b2aed7e6237492bdf9655385864,169,Meedoo
2bab09babe9795328b01d2913571803180e7f4c70eb5f52d1bdd29642830c5ce,170,Devify
b8c97c991aeafeac07cb44102b1f1f6312f7e8d8c54dac40db30abc59afd0571,171,Yotz
a6d4befff1330904b8a03c7213c960d027001599fe70ecfdd547b6f1ef4c2b43,172,Mycat
259accfe4874c7bf5140f15a926d6e5d6e6d5550b5bf89aac3fa15406e259f1c,173,Realbridge
afc312ac09990d58e14fbbe21a1a8b0c90f7617981c9609b0d87eded0b4a125b,174,Trupe
e59fa71b0d34d2c87d39bccb2824ceb2d4bfa0dcbd2bb3e9652b991a22196679,175,Wikizz
7b25aaaa5aaeacec0d8424a5a3f980a8e3135da7a56ecb92b7b486fb17ba3770,176,Skiptube
ad283e5421b6ef98af6ee17c0702c389a1dfbe2df33d8b2041d50197607fd623,177,Kwilith
3c4c88fe556042cc9c1971f14b376e4a3b36c7085d4a7b7be5e84800bdb2c7e7,178,Tazz
344e03d3f1fe329f86f2e38f352020ada2bdb5927f9f6011d8c71be83e6d829f,179,Divanoodle
e1111e168057f01aaac3610639db26b90446b6297d5ad1e908d3d5d1fb6d8229,180,Shufflebeat
0c61b26570bf329c6911616f12e4ab3bef2dd8ab72c8a36793184d45ca3d1c40,181,Zooxo
6590dc58440b0babdaf048d7848ccc68974163336d023c4c3b49c96aa91b9707,182,Skyble
7496b69bcb9f42128368a28683dbd6c9c9d3d30c535f8f6e905df74b19605e00,183,Meejo
50c5facc746f689dbebef8d18f43668722127465f763442ac483c4b96d332697,184,Eidel
ae1c09c36bd87406e80b0336296dbb0754f65a830bb4d4981a1108d6f99d6246,185,Cogidoo
4e3f450522f0d8692b825fd0e5724be7bee2a1474c7250674a9bd92c9dba8336,186,Zoozzy
8a9361d5cbc4d56da22d6c48b3e94daa515938b3e44c05fd9dbebc57619a3332,187,Ozu
a7c4a1e1d60333c5072f9d13ed2b5f9e9a48cda9c09520b44e062ce80bdaa3b7,188,Topicblab
a9c6b0143655d1ca52503674b232b91542803cb11d9816b98f08edfd5791c1a5,189,Skinder
61a7946b6694848896c44c5dd9983efa6c303f1f4dde485cdd14209827c9f381,190,Quinu
8bff8a18f73f1861699a25758ace18b6253eaf58e2bba7b6123e7f23daa36ce4,191,Thoughtstorm
8a2cde06f128af853653dd01d6ad18afb068b340c61e108ff41e6d0370b73eb4,192,Blogspan
769197b455f3f485778f183afbb29834bdce8e5d980d6bbb131b75e372b89190,193,Kazio
d6d03ef9e0077f5e5603da6fcb663b31d968989fb1d2591cfec4c15bc5a1dd31,194,Vipe
6053bf225bde9cc47927d3ac083b1b32875f76dc45d97a38026e93f98ee11340,195,Gabtype
7727a0c7b1249ed055a55f33b382cabb71add1539c76d8819f957079af4ca4c4,196,Meejo
518981a5e30a046e4a9a12e51a1400c39a6ecbb33eddb21180ef5ff51f62eaa7,197,Eadel
f8ad6f51601d33b587c0a9707c6ab7fc1d2ff0b227d3e4bbad865b2c147c7d07,198,Realmix
d8bfde11f8afa517f6508e2223b7e3238214a5416d8c44e162a751d15e4fdf5f,199,Podcat
a42c1ef6227323a169cd4a849b5b06c200dcdd972c4e9e513bec0dc2af1b341f,200,Kwideo
77600ff382d26ceb397b9bd1e30bf8773ea6471112750b104fe25e211fe26cf0,201,Gigazoom
0a2814442d2ac3657e17e1259010bb7094a434c92d91da4f191c76355dcae8b0,202,Kwideo
78058d36793c131605a473a70271dc74975bc7aa4b77969b803ee14747179405,203,Devbug
45c82b97451a609964fe4e11bc5245c78ef29d02aed647732529225db00dcf2c,204,Quatz
8a4fa37108c93280f7d7620e471d0acb264a9df3edf641fef54e9e666001377f,205,Zooveo
17266be18479b4093bb685db9ae63ad5530609b336f75cddf0d16e1848523dc8,206,Izio
70aa26de1a9689cc22dfc8eb6159085426f9a8c0c3b1e6e8087d663a74e92138,207,Fliptune
8addd3bd322bba7f06111cf15fb308749a005c7747aa6d888179e862c8b6b22a,208,Yakitri
831f67502fac937c5d3bd225b7a8a89ba92cd392c359b650dd4a0829be347b42,209,Skyble
70c65eb4e9a9d1cd1463591545a991cb38ba42189b4a92a263bc535873db82bc,210,Yotz
80a0efcaa183759605ca9e5c3092b82ee0e43f989f18eeb4d19ed4d2ab8eb50d,211,Pixoboo
ad4594352e522bdc6442e7143f3634b66e6d3a797c0c12b8b651e184aa84f070,212,Photofeed
c2e81f1e1af6a872da7a5c439d4a89f04f490a9b15062e8dcbd0e382bdd41df4,213,JumpXS
03c4106c923661e4d75fddda0a1299cc8911e6a46d46a5dedaa07429aca9b78e,214,Yotz
ae6eeacd6b7ac081df4f5c46a061edecc2f51c0a0c356660304fb84046c44f71,215,Gigabox
c15cc31391e7de16ccaa1bb5bd404a299f4de2927544e93488c51a3fbea0bf6a,216,Yadel
799ef4466cdb8e9ab3f04a0e21f952464535a8a34f9ca0d16fcc8a510b2f369f,217,Fiveclub
2cfa6468c859268d61d89be2a96496aa5f69b90fd72a38226187804810e3bd51,218,Leenti
6694d03d39ace0bd56b593b481cb7ba59565d0f56f53811401b9f94b50b7cf3e,219,Bubblebox
23d8e3fa3020ddff37655b9a22456b2af6007e62041363d5326af4a00ae36372,220,Tanoodle
2fe4ecb31ccbbd9ce801b6cdf392ff6340b3f771d74d7a99a7fbcc4e5f3e0fec,221,Voolia
551b157f8bfaffd21817d7388162278ec3d32c457a570e5a072fbd9d4bbb6cc1,222,Flipstorm
f559c7a130d535157d946e6ee22a807a9882c344292829bc8bbea9b368f465e2,223,Jazzy
eb3b44fd68be9a40aa7e30043012db00a2f9263614d3b9e78246c097aa08e594,224,Photobean
6bb79c73f5ab3c2fa6834c2aca0cc8387554ec8e28fbed12b5d09277a07ff82f,225,Quaxo
8f6de2f7cb5892c9b0717dbdd8484f4a60a8924fd89621e0eedb9beac4266321,226,Quimba
d9d201ff0c8f7be1acf22ab20624a2e602259a2c856c6b03f20a142c16b846e8,227,Photolist
fc6431b95658b88ac90130f8c2255998f0da1335d2f394b33cda2f8196899085,228,Riffwire
4cdae180d12ae9578beca24a3963034a2f7d2f4490f90545ca442fa57ff1a81a,229,Blogpad
c55d8c4280e18f414896e6be68ee58a58a8dbc3d8461de67df4a3ce09656a02e,230,Plajo
7d3f440c359310643adf1a33f5ad70cd691d23015f78183ac92929eca5187038,231,Katz
1a6b67d7017c156fa417565a13cc5bf16b0661aac77da35151a8c37624f263e8,232,Skinix
7de33310ed58079611a24c8a3417e949dbde76daa5c862701ede33374497f356,233,Twitterworks
58a054d8b6a4dc8de479a797c53e24994ff1782d47d482e845b3957a06c1a9fe,234,Eadel
66231f6433108ae218ecc66efc343024e671a5cfc8aee931b5d32dc50959be5e,235,Fatz
0b5df63db7a842c17774e6fa6a7c01aa484f8451da87606b5d1a41097878bf3a,236,Oozz
2eb249bfc0c1fd78ed6020daac1803bb4510a4d2b23bcac704336a1be3209e93,237,Gabtype
56eddfd0b9d6cbdb350dce372c272980910e25bb9a7d937f8ec4c6109d9a434c,238,Voonte
05747579a84953e221ba54c8801a8f1c8fc1ff6b69b1c9450dd715218a8832da,239,Eazzy
c0eae17c32351039c6bf40f82dbc62bab95e20589fa68647899ad27a077f7d7a,240,Tazz
f6e632cd09f6f3dbc0fadef91d93e7d7e591e96db4d82adf2efe5b0434c541a9,241,Eare
cf08b3f7ba3e182f27195927cce0cd8359e1a09d7c2d76208ee5e1674ff60f28,242,Podcat
a1d25afef539d246f35de261c5e62c2faa5b6499ef216133e9d34b8204175226,243,Pixope
935476e748c9bbab6c7c537b616b2ae7c9f3a833cb8e9995276cc7e31ecbbb00,244,Avamba
192851425bc92f4bcb29f8b16fd00e6e05623b3cfa629e07082b1e20b4828e03,245,Voonte
b7be92cb66992ea270fcbfd78fc5235af963e1f95bf79ad42c27dde5c28dc8dd,246,Aimbo
70996890179117c8d5e94321f09f58b3b46b02a2bcc61c607cb037c9570e09e0,247,Fatz
6efc1308d022de5509425a2c578b3590643e6d11dc242a56567140c53fe4262d,248,Kwilith
68a58be7d056fe00ba3f5df708d29df264c831e8e27df94b7b108822e4477768,249,Browsezoom
a53c8c13afbc5fc83940eddd59493e70448eff3f2f9fb6de7a9197ccc19cc5d2,250,Eamia
