﻿id,type,desc
1,quis lectus suspendisse potenti in,In congue.
2,aliquam lacus morbi quis,"Integer aliquet, massa id lobortis convallis, tortor risus dapibus augue, vel accumsan tellus nisi eu orci."
3,rutrum neque,Morbi vel lectus in quam fringilla rhoncus.
4,id turpis,Proin interdum mauris non ligula pellentesque ultrices.
5,morbi non lectus aliquam sit,"Nam ultrices, libero non mattis pulvinar, nulla pede ullamcorper augue, a suscipit nulla elit ac nulla."
6,in sagittis dui,"Cum sociis natoque penatibus et magnis dis parturient montes, nascetur ridiculus mus."
7,pellentesque,Nulla justo.
8,posuere nonummy,Duis at velit eu est congue elementum.
9,vitae,Praesent id massa id nisl venenatis lacinia.
10,in est risus auctor,Curabitur in libero ut massa volutpat convallis.
11,elit ac,"In est risus, auctor sed, tristique in, tempus sit amet, sem."
12,blandit non interdum in ante,Cras pellentesque volutpat dui.
13,augue,Maecenas rhoncus aliquam lacus.
14,eget congue eget semper,Donec dapibus.
15,consequat varius integer ac,Duis aliquam convallis nunc.
16,blandit mi,Integer tincidunt ante vel ipsum.
17,ultrices mattis odio,Donec posuere metus vitae ipsum.
18,ante ipsum primis in faucibus,Proin eu mi.
19,curabitur convallis duis,Donec vitae nisi.
20,et magnis dis,"Fusce lacus purus, aliquet at, feugiat non, pretium quis, lectus."
21,ultrices,Aenean auctor gravida sem.
22,mauris viverra diam,Praesent blandit lacinia erat.
23,nibh in hac,Nullam porttitor lacus at turpis.
24,ligula suspendisse,Sed accumsan felis.
25,odio donec,Nam nulla.
26,tellus,Proin interdum mauris non ligula pellentesque ultrices.
27,augue quam sollicitudin,Quisque id justo sit amet sapien dignissim vestibulum.
28,ipsum primis in faucibus,Vivamus vel nulla eget eros elementum pellentesque.
29,vulputate nonummy maecenas,Aenean lectus.
30,placerat praesent blandit nam,Duis mattis egestas metus.
31,vestibulum aliquet ultrices erat tortor,Maecenas pulvinar lobortis est.
32,luctus,Duis aliquam convallis nunc.
33,varius integer,In eleifend quam a odio.
34,diam vitae,Proin interdum mauris non ligula pellentesque ultrices.
35,luctus et ultrices posuere cubilia,Vivamus vel nulla eget eros elementum pellentesque.
36,donec dapibus,"Nullam orci pede, venenatis non, sodales sed, tincidunt eu, felis."
37,odio curabitur convallis duis consequat,Integer non velit.
38,pulvinar nulla pede,Nulla facilisi.
39,sit amet,Pellentesque at nulla.
40,sapien dignissim vestibulum,Donec quis orci eget orci vehicula condimentum.
41,urna ut tellus nulla,Nulla tellus.
42,suscipit a,Etiam pretium iaculis justo.
43,quam turpis,Morbi vel lectus in quam fringilla rhoncus.
44,id justo sit amet,Morbi ut odio.
45,maecenas tincidunt,Duis aliquam convallis nunc.
46,diam vitae quam suspendisse potenti,"Nam ultrices, libero non mattis pulvinar, nulla pede ullamcorper augue, a suscipit nulla elit ac nulla."
47,pede lobortis,In eleifend quam a odio.
48,proin eu,Nullam molestie nibh in lectus.
49,praesent,Nulla facilisi.
50,nulla mollis molestie lorem,Ut tellus.
51,faucibus orci luctus,Phasellus sit amet erat.
52,vulputate,Integer ac neque.
53,vestibulum velit,Donec posuere metus vitae ipsum.
54,et magnis dis parturient,"Donec odio justo, sollicitudin ut, suscipit a, feugiat et, eros."
55,lectus pellentesque at,Duis aliquam convallis nunc.
56,nam tristique,Donec ut mauris eget massa tempor convallis.
57,faucibus orci luctus,Fusce posuere felis sed lacus.
58,nulla,Nulla ac enim.
59,cras,Maecenas rhoncus aliquam lacus.
60,id nulla ultrices aliquet,Nulla ac enim.
61,ultrices posuere cubilia,In quis justo.
62,lectus,In hac habitasse platea dictumst.
63,rutrum at lorem integer tincidunt,Donec ut mauris eget massa tempor convallis.
64,sed ante vivamus,Praesent lectus.
65,lorem quisque,Nunc rhoncus dui vel sem.
66,cursus vestibulum proin eu mi,Vestibulum ante ipsum primis in faucibus orci luctus et ultrices posuere cubilia Curae; Nulla dapibus dolor vel est.
67,varius ut blandit,Integer ac leo.
68,ultrices mattis,Sed accumsan felis.
69,nisi at,Curabitur at ipsum ac tellus semper interdum.
70,massa,Curabitur in libero ut massa volutpat convallis.
71,aliquet maecenas leo,Morbi a ipsum.
72,id luctus nec molestie,Nullam porttitor lacus at turpis.
73,duis mattis egestas metus,Praesent id massa id nisl venenatis lacinia.
74,quisque arcu libero rutrum,Suspendisse potenti.
75,in lectus pellentesque,In eleifend quam a odio.
76,aliquam sit amet diam in,Nulla tellus.
77,est lacinia nisi venenatis tristique,Maecenas ut massa quis augue luctus tincidunt.
78,ante vel ipsum,Nulla nisl.
79,quis,Nam dui.
80,euismod scelerisque quam turpis adipiscing,Maecenas pulvinar lobortis est.
81,ipsum primis in faucibus orci,"Nam congue, risus semper porta volutpat, quam pede lobortis ligula, sit amet eleifend pede libero quis orci."
82,libero rutrum,Integer a nibh.
83,duis,Vestibulum ac est lacinia nisi venenatis tristique.
84,posuere cubilia curae,Duis mattis egestas metus.
85,dui,Pellentesque viverra pede ac diam.
86,sollicitudin vitae,In blandit ultrices enim.
87,eget,Proin interdum mauris non ligula pellentesque ultrices.
88,mauris laoreet ut,Aenean sit amet justo.
89,arcu adipiscing molestie hendrerit,"Aliquam augue quam, sollicitudin vitae, consectetuer eget, rutrum at, lorem."
90,nam ultrices libero non,Suspendisse accumsan tortor quis turpis.
91,parturient,Integer non velit.
92,luctus rutrum nulla,Donec quis orci eget orci vehicula condimentum.
93,rutrum,In sagittis dui vel nisl.
94,platea dictumst aliquam,Nullam sit amet turpis elementum ligula vehicula consequat.
95,semper interdum mauris,Vestibulum ante ipsum primis in faucibus orci luctus et ultrices posuere cubilia Curae; Duis faucibus accumsan odio.
96,risus semper porta volutpat,Proin risus.
97,donec vitae nisi nam ultrices,"Proin leo odio, porttitor id, consequat in, consequat ut, nulla."
98,morbi ut,Phasellus id sapien in sapien iaculis congue.
99,turpis a pede,Duis aliquam convallis nunc.
100,a ipsum integer a,Nulla nisl.
