﻿id,clientId,handle,pass,phone,email
1,1,hpayne0,5a66c34d1b7fb196833aeb64af7b55f2124b1e076eaa40e6efb9acbe7b0374b1,998121204785569,phughes0@slideshare.net
2,2,mthompson1,7149601001b1080636ea93c4f7202ea9bbe9bbbd65fb023b2421663bf7aa4061,,jgonzalez1@yolasite.com
3,3,frussell2,9dca5144c96fede212ce9d67854e66ce4425bd56c4e311cf3aa8064d18ad2067,,rmorales2@addtoany.com
4,4,tandrews3,f7b5bff68b27c9d23d9bd44dfb20cfc52d89cad120ee8887005b71a6bd9f9839,8762692318356292,jharris3@usgs.gov
5,5,mschmidt4,5dffbc80cd9854e0481ed7fd962bf9412aa58d929d666b4f1d456362fbbe702f,96650699640248,csanchez4@cnet.com
6,6,schapman5,dfa0238ed9abc6e8c06477d8e2a31a576c49ad07d03bfd39ce0d9901b32ee439,,vfernandez5@aboutads.info
7,7,jjohnston6,f880b51f3beb5d2d94f95f710041dbbadc6ed72bdca8528e63b28190c91b3fa4,,dhansen6@house.gov
8,8,swatson7,632ec5428145c3532dc8f6f2c0828615261b820c854bf2deca8ff9b23aeaed5a,961785035728672,lcarroll7@scientificamerican.com
9,9,cking8,5cbc3ca0e06e218510ccbfd646b9dc1bed685faa5a7762ca5cb0b8884277935b,966710991912,jfuller8@scribd.com
10,10,sriley9,6e7e611c2a240b4eaaf6474a96f40b565e217352b8bb7f6351bb2f461c1c3162,,jmendoza9@usa.gov
11,11,mcooka,950521e045d08ae36df567c8894af0fc6e27c6c09c1d383ea31bbf4e95c5b231,8282851006852933,bgilberta@examiner.com
12,12,adayb,79d7229d63040219078cf2d98df87ada7f28bdc25d0a983615162682577fa230,,smcdonaldb@go.com
13,13,nmoralesc,ae623cc0d7f3648a26a89ee7bdb8a88644f8b956e5b2c7d6d7038d780a11a3c2,8125432107755,jthompsonc@youku.com
14,14,bblackd,c0d174e04d46436c804b86f04101f30fdf0951b6783bddc5cc0992e9b2b6fe70,805648390659837,rmeyerd@un.org
15,15,kberrye,1cbcc33d7bec5bfe8e817ee1efc5926bb961946f2d8faa6e993dde1e96062a39,,rhawkinse@nymag.com
16,16,smasonf,33451abe5965cf0f95dbc5235f7b5caa1b02d1514adc70afa38d01dd8e56656d,744291683723365,mhamiltonf@php.net
17,17,bellisg,b5557dfd5d679d5a70664d04ff7ff1d7815504e97ebe1a2f1c16835496fc5a09,9238946236287904,jmendozag@nydailynews.com
18,18,shansenh,39bbd633aeb0c66ac0040ac06caac3f82503ada7cd6cc161ec78a7e028ed01cc,839978903464,frodriguezh@over-blog.com
19,19,afieldsi,d88f79f3e570a6dd6b6e68df53271de47691f2915b693afa9233679be9998cf8,8212044956428607,bfisheri@ucla.edu
20,20,ewilliamsj,1d901b96dcd564748242b31ed1216ad4609f321bb8800cf97860f0d4433cb2fa,9454649985937194,hdanielsj@mozilla.com
21,21,ckingk,05c93a76df9ba1453ecc3bee15a2beb2b2e3142144fd021fa95db85b95de8d6c,858113061372596,jkingk@jalbum.net
22,22,kgriffinl,51d7b5153796f080e994cc6e1e7f6ab9c6254028d06f683b747b5ad9d380a0d8,,tmartinl@sun.com
23,23,hsimpsonm,a03ca7f9f9cb04c3d2d859411c048a7a0011a54a7a20442cf2ef77ef792294cd,5058429764,kadamsm@bandcamp.com
24,24,apalmern,1b78aa5d0cdba817c43b6a28fae9919741e9690688a6293ecd05637007488539,,bbrooksn@list-manage.com
25,25,cstephenso,0c8c370d8fb7e73c13dcd82629dfc503177771b7a0368619b22953338370f3ed,919873214311,rstewarto@studiopress.com
26,26,gmcdonaldp,a786b04a174d991398760ba4acb105e1c5a6326933db5259c63ae0ea7e32774b,,mfisherp@ca.gov
27,27,awelchq,982bbd582ce515ae614ce74418e4dc299ecd6303ea50131a321b1672e1185ed8,8199514619,hgonzalesq@csmonitor.com
28,28,scunninghamr,2bf79caf4539db7a8b64e06d766219dac21b715c9991b4caf2067e85f04731c1,,jmendozar@theglobeandmail.com
29,29,bmontgomerys,15d40c4520cfd100d217e678b7349fdd175dbc3ef0729a0202ad8d7f7c06a4ad,,
30,30,kowenst,7dd0667411b559566a1fac4e6df6ef70458dc6b13713b01bc812be7defb166cc,7978586650128821,gsimst@google.nl
31,31,ssimsu,bc498e7a0d0f89adeb895f5acccadb21e1785a5ba2fc0b531656522d71159bb4,96151723507381,jfrazieru@baidu.com
32,32,jstewartv,98a307b95d4cc8e8889eb1a31ffc5ecd9369a998200feffdc77249493b8cfe51,,bwatsonv@freewebs.com
33,33,ccarpenterw,e9f66aa228c607ea3a14c5d4b95278f40f97cde966c1db9e14a14e4c13b41099,,rallenw@so-net.ne.jp
34,34,jgomezx,91b2f0881e5883f4fb5f39183795f7bec1ddd93e652b058f388d4f0ece05b5e2,,eowensx@ucoz.ru
35,35,kjacobsy,977fcda710d50981272ebcc9052f88847ef342bb7c19c9f2cb87e0097c2880b7,9155864628092,ltorresy@foxnews.com
36,36,ahenryz,f31932b511f334709156e3955274d78e188b1ea6a76633bcea078512fdd5cc0f,,rharveyz@accuweather.com
37,37,mhanson10,c6d709cc8d9af902c5f561e34c015767b6de87bfaeeb1730be26e0c5495aa188,957270649023180,cbutler10@springer.com
38,38,nwalker11,beb18f5752844ada85a683af7996b42123ec3f601c668b264ce4fc5a1880ac6b,,mmorrison11@ovh.net
39,39,athomas12,8e1e659fb5c5cf120ceb94d18007621ee1742a085320c64939b74d0fe0b1e2c8,,glewis12@ning.com
40,40,jolson13,4cb31fb659b9443b223029138f514cc8392dbeae38f5739be4021ff0991595c8,,
41,41,eparker14,248f5dac67513feed0f60febea39235ad9c09e261681a5adfb0171d45a26273d,762183649749664,rdean14@imgur.com
42,42,pmorales15,905127afe801022b7a0f9c1fcae85d14c8912f5aa8dd0b64732beb63d6ac00e0,,aruiz15@ehow.com
43,43,cmyers16,d33f6041e44af1e26bb03834f2ccee9d06554238a2757ef5bd141362db2b0a14,806291641521081,drobertson16@army.mil
44,44,scarpenter17,fcd232cd51bc7c004364748a3acb3650f190b82b36a84418d9e7bb79c7a0ed77,,rflores17@tripadvisor.com
45,45,dgomez18,56eee1764aaf229d7b2e7d48eee3ec6c93a859605a1f4b604862cb28e3808b6f,9297353367,krichardson18@usa.gov
46,46,bdean19,d9dc938607f1a72975ac9ab21aec60dc7c0f7c7c677275ce2ff21743225d9690,5013835347533,mprice19@utexas.edu
47,47,kbailey1a,28c857fb69286584c0f9e536c1bf5e6698406b2f48a4708eff6161c3632e41f2,,kdaniels1a@cnet.com
48,48,rshaw1b,12898e5a9e028bc0db5f7f7d2d7e58ffdc23f64cf71c3681f59f48c95e34cb31,91641460124347,nlarson1b@accuweather.com
49,49,sfernandez1c,64be0634944c756c0809dbb760523da4e081d6bfd6f024a6b2d84d0bbf474106,9446058277,tpeterson1c@a8.net
50,50,ssimpson1d,4c2cbbc8e52b587fe5ae483a8e187aa466e8647df69bcd4edddabcf720ad94b1,7259273174565,jramos1d@squarespace.com
51,51,rthomas1e,c663f6b1ef9ac3f10065579225b091f6952359d56cdfdd93add02aa7832fc352,877024259478264,jmcdonald1e@craigslist.org
52,52,jkelley1f,91a8f439dce623010fd59d564d71e1b08489b2ba450ab4b79bde7f20eb176fc7,8055496867935,aday1f@ucoz.com
53,53,bolson1g,09d83bb69bd2900f6f958070db1466f93d5a3d2954af57302e661f2079ed6d0d,5980000739509,ssimmons1g@spotify.com
54,54,mrichardson1h,d53a999fdf6cbc5790916e7999333c0819cfac54a89eec904c48cefc6ace58cd,4163963511228979,ehenry1h@1688.com
55,55,lroberts1i,8844d38fe71ece6ecf0b5bd0d6e54fb8e62999ba0c6d0dc85edfb2c26bc76138,90497348983525,dferguson1i@g.co
56,56,ccox1j,4a41acf70d3fc4c54c03bed530c2d4e1fa913eb5f269ae46c4014dd58cd466c3,9823891192358948,jhill1j@phoca.cz
57,57,nsims1k,f54c5a345bf18bbe119ed4486d385a7f81c352b2f2d5f46bb95951bfe57d7624,,vowens1k@fc2.com
58,58,srogers1l,4c86df899522a5f908cc5d14f238f7c09a1d461987229aba08b910693eee1cb5,,chall1l@marriott.com
59,59,swest1m,bdf16ef39618dc8cd4d0d78e19dd3f45b43def74fc6587a5a640086695e5c6f0,925509932735,gholmes1m@technorati.com
60,60,snelson1n,8e61e45adfe209ca384cde52bbf7174044f81c6a4c08e9dd2cbdeff185508285,9786225491390043,smorrison1n@latimes.com
61,61,smyers1o,b015a61c968c8015259392ae4d0b918fc7ad2b5028efaa8c91e1d6b349e41702,,hmatthews1o@ovh.net
62,62,llawrence1p,67fb0fc8596ae8a6b50f721ab1b39e9fdda0d680d4458616fe00b649639dad9c,9586512264639,mhicks1p@mlb.com
63,63,jruiz1q,fc7261b370f69e4cbbde2cf16a39e4d30a66204992e0e1c0155a965f12194b08,9863338134611345,gallen1q@prweb.com
64,64,kfox1r,2bb94e88a55491570903c0b49c065974cf7c9d0b90d23c335633ee465b747e94,,lrobertson1r@chron.com
65,65,garnold1s,f07af5d29a403900cae50a47c2c124487293dcafd57a8da3aff98effa8f6532a,7274310210857,bgray1s@squidoo.com
66,66,khayes1t,ed648718998f27476e210e1353a61dcc620a7ea8e2b510a0d18713e3ff9c9d87,,jwells1t@reddit.com
67,67,rhunter1u,0ff94c7a75c17efd1429dfe69ed0bf91886c481089a5643388248c2a823aea6d,91317321144,ncollins1u@independent.co.uk
68,68,tpayne1v,086f695c5e2498d7f860e027c03664585b3ebbb3c73fd3dbfe4f580c331896a0,7834535551545,egraham1v@blogs.com
69,69,dwallace1w,8d4bcde94289f8361b77f6e65fca88b21fe3a5e19db4dd81b60431faeb48bd64,9343858330435,mparker1w@cmu.edu
70,70,mduncan1x,ebb686e3b29dafd7d2dadebccb6bf3b744a8f4192dc5a16538db6a9a5309568d,,sortiz1x@altervista.org
71,71,ahicks1y,be88d2820073be4f11df46a0da34d0da67d9fe8f90734bd459115b1582d13cca,,amedina1y@illinois.edu
72,72,rriley1z,22c680e60e51dd048f2ee41d37d3d6a20fe58610f0a29ec9b4f9cbabd07df7f8,92094266627,
73,73,jmccoy20,a744d55a92740f82a7878100dd4fc91c609b4ab16b3c32326b3e5d547fabb5cf,,dhoward20@cbslocal.com
74,74,mholmes21,877f778b026a71cde46c355569d1726654b7af2400d4124227c6bd61431e4bcc,687682964519,hmendoza21@nsw.gov.au
75,75,rlawson22,dd69d731318e76d9a0d6f142a279f99b31bded5d68ea264f825ce847a772c60c,935539360662,mgray22@sitemeter.com
76,76,jpowell23,7166916bc6c6d49b83553668f1b89c9250c3aefcfca065adf0d6d1faa9b779a2,98417901827881,mbradley23@seattletimes.com
77,77,abell24,d4bf2eb76354470fb78e71f438ae0f735abb87dbdc207a764af26c4844096f5c,,htaylor24@umich.edu
78,78,hsimmons25,c8441d927de25b6bd23d7c583686867fb91e109676d29964cd227b7d471be008,,rgonzales25@prweb.com
79,79,rsullivan26,ae6d85ddac43e24c20ff24efc987005c1bc18dd2f032efd529c4f1a0f4ebe28a,6874754441570,vfreeman26@g.co
80,80,mfuller27,58db26d11b98851e4bf9fde6f7883cc416c6647d52a5922dcc349d01c79f75d5,934468731081865,
81,81,abowman28,6a7c1365a2ad17c0a9a356a3604f8f597b603bc3f8621457165759ad3fc5e18c,996307702261,hdean28@t-online.de
82,82,amurphy29,a7fbbd8027d3e7fa4dd639bb50fa5476cc695e16bc2ea98b141dd0257b99d230,9310678574,kevans29@csmonitor.com
83,83,mbanks2a,3af2cf188bd8f72f669d3d3d034af7998adf7b630c49378a927248ba26c0a6c3,,jfuller2a@vk.com
84,84,tramirez2b,8c0d6ce983ed406a4354270a58b812467c4d65db08fc9a9c00aa63bc1f5dc3db,58050081973866,
85,85,vhunter2c,2efc759280dddbbb75ba0ac0ff5cd13e12464e43a149bbd76ff153e8a440de03,918304722413497,rholmes2c@whitehouse.gov
86,86,dtaylor2d,6eb7668517224ed92d6fc6a08d8c01a12ae7ea33eb04bbb4b88d2fb95d88641d,,bbrooks2d@exblog.jp
87,87,jmurphy2e,84c398e4ab3dccb419d9adfb4db5f40390b935eead42e180efd47007a97c6683,,
88,88,bstanley2f,03cf971abaab7e0d2bfb3f92204c22a828cb002224c087847895a70ae0aac052,8507624638542,srodriguez2f@surveymonkey.com
89,89,bstanley2g,0269429ebccbc7014b7eafd2a19ff97e8ed5b1b78bfd08148a26ff7b8462ffa2,,kbailey2g@mysql.com
90,90,marmstrong2h,1babf4e732c795a41643a2d81eb10e7ecc7c796e5c65716c687d94ea72faff19,,
91,91,jboyd2i,c2c61af286d62caed98207784e4b47f23651bf72af0adbea749548214fa6e176,8963906423083,jfuller2i@yale.edu
92,92,klawrence2j,dabe45ba1e1d1e2c2860d3c48673dd4e03e017df5570b85ad0124f1bbadc3d0f,7394581771915,srichardson2j@java.com
93,93,rpayne2k,27d18cadebe8ce742d09a86f6b3dbdfe403b40b70a9d8492a89c311715853c74,,jwilson2k@chicagotribune.com
94,94,hmurphy2l,54e4a74017c0f348def725fe0176457120e81f0dc9a61b82c0f76fda8d413ebb,614755476629739,jruiz2l@desdev.cn
95,95,ralvarez2m,9a1a98c064810df883ae77f8749f89bb5297afe806c5b400b1352047985e34cc,9748788811,dwalker2m@yandex.ru
96,96,pknight2n,9abac573b6aafb1fec45515852449ffa02c8bdfd676a0922018d0d8208bba1ac,70890798101247,mcole2n@twitter.com
97,97,bcunningham2o,1fafd181628a452172813b3e0c84761a380c5f08b492a15d35c970ac0c2b7349,,agrant2o@indiatimes.com
98,98,jsanchez2p,97749c7e792dbf1f490c27b24c1ca2dc3f1f5bafd6997e75376f801524bf57fa,,tporter2p@goodreads.com
99,99,cpowell2q,73b22244545c3f747e877726e2c03d04f030ecd0eac5f772cfcd98c3f7112738,860379879031136,rmurphy2q@berkeley.edu
100,100,bwoods2r,e4842d6ba45032f80de10de30bf2fccc53c3ec35abe3502c353c63c132fc7e36,944715885096299,jsimmons2r@princeton.edu
101,101,vburns2s,171d42bf1a51b73cd1662abfa122d4535f4bc816de428254acff07edbc2eb745,872822868676793,bfernandez2s@histats.com
102,102,cgibson2t,e97fb090cfaa5bad0495bddd9489a01e24cf006bf0ad59e2d857a0d0ca1bcff0,90927033183,rcruz2t@sphinn.com
103,103,lperry2u,854fbb15d120f77e71905670ebba481d4c47047e4fa00245566d7f18d81d2510,73479745040,sjenkins2u@squarespace.com
104,104,smeyer2v,2bf05cc42763ad3a233c69e4062f77fd6dc1b20c030ccade4234a28fd795b48c,,rprice2v@posterous.com
105,105,ctucker2w,52f39e97d4f58940f5bfab95ee5b7b75ff767a7259ed19e6f703f6c9dcdca966,8979378728366491,calexander2w@dot.gov
106,106,vmoore2x,d46096c59ae647cbdedee0694038e808ff4a9d8a80a2af8955b3e18e0e0985ae,,wmcdonald2x@xinhuanet.com
107,107,sfernandez2y,cfb3ce383e094823451c9513dcac54eb8f68673404dd2f7262994e00613a9ae8,80222502550851,cwells2y@omniture.com
108,108,agordon2z,9ba11c9ff01bfa47b999c627bbc64da19ad57917318002e344d3801b0d41c630,85110973193,dreynolds2z@diigo.com
109,109,jlong30,7f2a4d91f59d46ce7eade735f2542cbef8d0d6fe42a6ab6e744ad203268e4f41,,rfranklin30@com.com
110,110,cmills31,9d734579b5cd7f89f5557083a451bd6352374bcef4614052993fc1c08161f84d,,sperkins31@com.com
111,111,bstewart32,0fefea031d1df9c736b954c3380bf6eea37842ca59528c730112e5f47f232533,9360099829,kharrison32@ow.ly
112,112,tfowler33,ac69637ca998b3dd81863ee3f7ba243287d8d44c7acfc14388b9e903ecbea644,8666434777,
113,113,mfernandez34,0433367c963c04de7cc1219c2ff8c4610156883ab5df616f1dd2a5e8e9260974,,dweaver34@state.gov
114,114,bporter35,26709b8f6c5d332907f71af0d814e9e9e89d52deafef76d607d7dfb542b4a222,9557229785907999,rfrazier35@blinklist.com
115,115,mjones36,d96403930ce436b404e7943c6f33cd353dff54f80e2e7d95b989a87f4be471d2,9847642329487186,sromero36@irs.gov
116,116,ipeterson37,1a6782600af849c7593aba8800012fc3af8fb745e3071c369a9afed94ec0e522,825612710989,jfoster37@liveinternet.ru
117,117,cflores38,915710544dee1141811ace8610f006699a12f2f62321b596679eb39f35f91be8,,pwhite38@w3.org
118,118,aperkins39,932d00ff5fa7ea5a9d2314148ac1d0f3adbdf5cbbaaab000915a4d2edd117eca,92355466343,mburns39@samsung.com
119,119,scarroll3a,79433740c4e502748c38860e12b1bb4eed0abace725916127b0294631910ebd7,882885158560,bprice3a@instagram.com
120,120,pbaker3b,fb023ec02a4883da58319a8d38cc5aec44c0755922faadf5255013d2ce2815ac,9208473985,shall3b@angelfire.com
121,121,bweaver3c,de4b5457f3c88a173ee332b7cd451eb946944998aa0f3d2bd4f18d91af5fe007,9066680760432218,sjohnston3c@wikipedia.org
122,122,rriley3d,8c981b7160128e4581ab1dfda90d92d1271330acf7d1d3a5bc98e556f834102c,9860856466,kallen3d@howstuffworks.com
123,123,rhoward3e,43f2e2bc0ade73f31206646c65d4a63adfe30eab1e1b940313d0bfc2493366e5,90174588143,dprice3e@mayoclinic.com
124,124,awallace3f,007f05f6f2ea3e8caa252601f5de75da863123a95259a7c3a247823fab450c23,9524279895,jfowler3f@purevolume.com
125,125,aalexander3g,5c4543299400be383cb769b92024f222e6d3aa056f78903d1425b3dbe2f02fe7,,rwalker3g@blogspot.com
126,126,jjones3h,44167f11f5a2320f4592078ec5b60fa2e0acc251fa4d6097a0a14a15ddaa3148,97190422663,
127,127,greed3i,75f192c1c5c4f0bd50fa7916fcc3ae052c60f5e4d5ed5b7c865fd8bee6e57171,995230505103999,chowell3i@unc.edu
128,128,tmeyer3j,2713d427cfbec38f0e5773281af0a88dda7dd3f9a6855e2dc65eac8faf468c14,9898332480901,rwatkins3j@nationalgeographic.com
129,129,nday3k,1fbb3ed2f30a0fed71b8db2e170a689c2b659485774946bd0810520cecbccdb6,666625851359,kcarroll3k@sina.com.cn
130,130,rdavis3l,1253edc1e334e06b1cb862261b6d596c7c122d10b660e1b3960433e1fc107a9f,8055212821,swebb3l@nytimes.com
131,131,jharris3m,d42bfb232a9970ebc4e6020feaed7899e963fa110745d9a8a1787e36e119ce18,963583475102190,
132,132,hjacobs3n,e658db7cc66dde311f04ea140dd1930d7ff3d34651ccb16b9109003c545a5536,8551618428728,mlopez3n@google.co.jp
133,133,thall3o,c8238173f3fc67031e646f1c364934dc91005210f54b2149dd129f3d725616cf,9076094596200289,rruiz3o@ucoz.com
134,134,acarr3p,28d06b4ef546f6f34412a2478e3d94f4a1f59cf9fae3001fa5617de61218bb60,9663505599963,jwagner3p@bing.com
135,135,agonzales3q,8ce441c9054f539e6c61488d07b7f66f700600975b33d54222b469c182030eaf,9389929996654875,pjones3q@youtu.be
136,136,fweaver3r,ef8a3e1d90bce873196beb76bd0703dbb1b79330d707b0278abc4b360d53f223,84428285654,bbrooks3r@yellowpages.com
137,137,swilliamson3s,ef9fcb4abb46b92a12e02c74248dd77a89a00d3547e2e1c94bd5dbf412bc262e,,rbanks3s@google.com.hk
138,138,gfowler3t,5ce8ff0200e9b54f3f2bffd90aee1c8b5d7d7a711d4aa7e7260e0e528cb947fd,7895343033279,lwatson3t@tamu.edu
139,139,sprice3u,f62f465f5249ede16a94950a77ae1d4cabe99088e69c3408143ac126c4259f9e,6104323846,
140,140,mdean3v,8f4b259318591442a35a6876fc0ad703c8b4096090985a7995b46bb49f6666d5,8405110903796775,hnelson3v@prlog.org
141,141,jcarter3w,7172675d873ba4d4e0dcc36313b817ad160c62e7a14aebefa533c1602b30d4ba,,ajackson3w@sitemeter.com
142,142,jjones3x,5e65e27b53cd615b0975ea38d12c7c109b27b4bde396cd98f85d0e557f9e004f,7204653502,esnyder3x@g.co
143,143,rlee3y,f5601914694ad47c418b4781d6f093bc22d9304150c131fbae2633809477f1f4,,gramos3y@yellowpages.com
144,144,msims3z,a11a57a7da18992455b6af8fbfe9713a85cdc1def2d1e7891153b2c077fd6e89,,parnold3z@cbc.ca
145,145,sdiaz40,76e9c70ba3acd99149d2810a58d60398286045501a5701e5f9b73f47e5af8be4,,pfields40@cdbaby.com
146,146,ageorge41,01b59deb4b93e455dde41b96ab47c1e9b5bd09bf59285118b184b0c0e618aba3,98166570205,jsimmons41@blogger.com
147,147,kreynolds42,410f8c35317c17d8f3b782ce12d40aada058dc8efbb352fda28c9f8348e42f54,42563590447200,mgreene42@biblegateway.com
148,148,ehall43,de0c4bbe7f528ab6a06e0b0f10afdfd7d508df01847eede9373d693a57d1fdbf,,dgomez43@reverbnation.com
149,149,tnguyen44,e6182f9126324d3fadf308c179d14e0dd2cd9f8569a47b726cb619ba48128cf6,,jburns44@hc360.com
150,150,sporter45,57580c6eac6c6e1411b6980d14d7193ca51d9b76ff00f3ed751245486ac08153,8736381677989,
151,151,ikelly46,26849fd93b7f9913def8034654ad87a7b9ca13d58e419dab69d3c6c30de9db25,,gturner46@techcrunch.com
152,152,hspencer47,6f7cf48e98f02adc3e1fab441c7297fb8994187ed0358a8ff1a54d71674b12f7,88804965707293,lcoleman47@livejournal.com
153,153,rhall48,559905ca41a74a11211b08d0c344475fd0592ae47317a1181a541d20a4d8f014,96404473865538,mwatson48@woothemes.com
154,154,kfreeman49,45658a7741be9e0a36ab791573eb1ad6ca0f92768e372fa61b226cab6fd5a533,6327342315388927,dmartinez49@springer.com
155,155,mhayes4a,cc52c5148a1bf5aa39f8d69edfd1d01f5bbee89a5f17bfc6a76a4f65c5bb484b,953730594043,jbrooks4a@so-net.ne.jp
156,156,mrose4b,2f91d315e155c5dc4645bf3b74476090f21886889b249ffbc05371f831b33832,6572351055597736,kscott4b@chicagotribune.com
157,157,lcarroll4c,5ba036943037f30ebfa0e10297d320993ca5c7bac92a1a102d663a62f0426589,813931769200,jruiz4c@miibeian.gov.cn
158,158,jgarrett4d,2ebc674380de5b26d192107f21dfd66d6eff36c3ec83d8fdbc9f188ffdd1c2bf,8236073736081035,kwarren4d@hp.com
159,159,mkelley4e,426596e0c896266c6d70e6ddbaf57a32396e597a5bfef76a89cf661e519d541a,621423375574345,dpowell4e@wix.com
160,160,rfreeman4f,7a5c41bb12bd7bc1504679fc4cd843e2b5e3fd27d442733d566032d236a07e44,,
161,161,acarroll4g,f4f788f0796aa2b713142486f4c7e6cf2f961d51afa76f1a72c89f5142fb5814,,ksanchez4g@simplemachines.org
162,162,tbennett4h,12a11e5aec6321708d306a1833ecd2558f33b1d283257b50795cf46a29c22b71,9647159983368,
163,163,kadams4i,bfaf5509af948acf73dbb7728623cb2bd40934049500e8a443e096ff384728fa,9385159190168280,jortiz4i@state.gov
164,164,lberry4j,50e7d584fb94238213315cf7a2f86ee0d953a2e3388c3790148373df14419744,721603693538402,
165,165,sparker4k,3f330682067cb2f0d5edf6d72a80863fe3dff62424d85f449b0d2a3074f2fbd2,8410267409,vkelley4k@soup.io
166,166,erodriguez4l,6c24d49a8fae08c861d6e8b458338fbf85bf86e9a6aefc0ff4ed34ab10724cff,7536951955066,bhall4l@dell.com
167,167,tboyd4m,0c6ced4bee6715bbf13a7d485498fb89036b5a182054791a9c92b4206724280d,898061079365854,jmartinez4m@1und1.de
168,168,jhunt4n,0ec900847690ddf1219cce8153fdaeb9b0c1ae5c83b34baafbafb53bfdced50b,925311136091,ejones4n@merriam-webster.com
169,169,alarson4o,a5f0ca821ad431d95e2f116e76377c4b67a3b31c7fc679a775c2330c961a0d13,,mjackson4o@mozilla.com
170,170,kortiz4p,9771cc9c8a3a7b6a1a272743dd60eaa7d9d9c3ead76b11b68132dc3344b47ae6,883284431343,cbrooks4p@mit.edu
171,171,palexander4q,f4c700cdb8ff60cd3d6d29e7ddbddef4ca62c25e7ec9f583791abb02ba90bb31,724019527373484,agreen4q@desdev.cn
172,172,fpowell4r,522de23620da14388e7ec899cc56aec1801f38189da3e18518a858b8eff8e62a,,hgutierrez4r@joomla.org
173,173,kcarter4s,a7e185b3b6444dc2c17b215444d6a61a964ec3aee346305fad97b784628a663a,9461662561539,mferguson4s@over-blog.com
174,174,cstanley4t,51860464b1895b2e29075104e72311877042c170b67d6946f5f8431545a95d35,931512890605976,jgordon4t@blogspot.com
175,175,afox4u,e8cac355051e5d8247fe63adb2a7a0a97b3a557a9e7228bdc2b92b7c81db2857,920129682173252,
176,176,fdiaz4v,1e5c97cb724064d81c83c91822251ace404aadd1b2225f6159166349c6889abc,90127933953597,jortiz4v@photobucket.com
177,177,nmason4w,127e480825fb55f999b5613cb740a5225ccd463508e1aa0352d2d04229d6ec94,,rkim4w@instagram.com
178,178,koliver4x,c0a73dcfe469e30354b63d4546afb8c129794215cd4aa76b00b8cf5adbe9fde1,9645804811539472,
179,179,chowell4y,30041ad8593356e3c1697c9652d8178fc36ad65f7a916224b24deafba10d7a45,7973173603279751,ascott4y@posterous.com
180,180,rcarr4z,88b387907b95f4682db6588579a2c3555f9044c622b1219fc5822cc22e755277,885294009212,sbailey4z@si.edu
181,181,achapman50,775f67aaaf216e747a8a8d7a9d06e0992ac9bc4cf1934895ca5e7b6d69d1e33d,5880198837367754,
182,182,tduncan51,717075c5e8dfca2d0ff711cfdd9e1b41ce7b4a22b55dc27b0e31e045bc2089af,912516967162,crivera51@ucla.edu
183,183,kcoleman52,7a67f3db66e98a20d946fd1e3508b1dcbaa97f1a9cc155827094074f1cf101a2,8392958719045,jwilliams52@google.co.uk
184,184,aprice53,cd73e9f6ce4c40890765e538da55e044b59dd50db030fa2807ed35b093d183a5,9860202036536,cbutler53@360.cn
185,185,lreed54,0ac79e58a0979044d7d7869e3bcf9609f13ef3ec6b9444a3c0369ed20a7ad956,,bprice54@biglobe.ne.jp
186,186,elynch55,7770fe51825635f574b2c4d092dd4accbd6f4b7faf7110ffb4dcd98ab032d5c4,90960331292326,ctucker55@devhub.com
187,187,hgriffin56,5d74cd25d92b71ab6005c9c75e9587dffe63fdf328ed7e16b59a3cc5d4f7d2a2,9678799714284,mramos56@forbes.com
188,188,acole57,f2da9a90e679dbd1ea1e8d5c759a6dc65572135b26dd7536acc0769772afdb04,814184590603744,dmorales57@eepurl.com
189,189,ayoung58,2d003fc66eb6c26e69791f2329ae133eb335ff62a2f5fb0c7222fcfa2ae7f850,,ngray58@bluehost.com
190,190,nduncan59,154bbddbeb2162389c66d2355c0c2a5a072a97ef32533d87518a7d65744360f7,9274586533,mharrison59@cbslocal.com
191,191,ssimpson5a,ffeca579abfca09dfdb840e2be103e80ea1f6f32c0aa44232da47a486e803bd5,,lfranklin5a@vimeo.com
192,192,wcarroll5b,ae18630abe490a26607147c0a611ee55d1f4efa8578ba789e59fe5930c40f642,8539604290,dwhite5b@bizjournals.com
193,193,jellis5c,a63af540facb27d944bb6cb93af777f987c8f36eb33561732836f70d099da07d,,jgutierrez5c@opera.com
194,194,slong5d,5e779d180d56510834987a91e5ee34b6fb6c62a598e276bfbdea910bcae0fcdf,9694952784235712,cnguyen5d@admin.ch
195,195,epatterson5e,d12fda7ee046ac3527a16050efd16db4bb304968782e2f839019ec2adf673a38,987620603009,smendoza5e@shutterfly.com
196,196,wanderson5f,0592e2ad61888d76e8777ac4e9524304ddc0f6db10d897611c5ea5d8549ab949,9610937541778,
197,197,arodriguez5g,67ab86c4d91d12f741c2e214e09921884a6cd562a02409c7165b467f870ce627,,lrichards5g@usnews.com
198,198,pbaker5h,36c332bd220c7821e8ce0e46e0684886c2489c567bc37f6643595d6bb49c59fd,80056608262,vgray5h@vkontakte.ru
199,199,chunter5i,1f59d6ea214642d72a15cd5c5557b3faef27342249dd7e5a63d67b146b925fc1,,
200,200,aburns5j,d6e05099e7c63ca469628fbffa3383d005ce92f2dc0c9565882b6572b8b94440,,amitchell5j@columbia.edu
201,201,pstewart5k,675d92c2cdef730803899c3132d0808981db489faba6d6dcc1f5db1e65bf10e1,9668672213,erichardson5k@yahoo.co.jp
202,202,clittle5l,c21ef1ea83bdbfd76d11909b221cffe476b0cdbd4efaa3932f6c9aff75516a22,,
203,203,bperkins5m,a28096ad73bb6180485ee912b1062fa2834b9dd789a73238a8cd9be1193ca6f7,8348059477260,vramos5m@cornell.edu
204,204,jsimmons5n,72508c6475967444df20dfbefa2ae7e2f7653903184b12f56ef76f5ceac316ac,7053620501467,gtorres5n@bbc.co.uk
205,205,abryant5o,ad5b85c41fac99f5867fbbb6893d97d3b66855acf3c6771f19ce743a472a70e6,,griley5o@examiner.com
206,206,mharvey5p,883521fa48137a02479b7f6ba6599944f186709ef7c22847c635499a6a993860,949868444202,chanson5p@telegraph.co.uk
207,207,lkelley5q,c767b4884c99990cd0549f59d3fffbf9458dce0ea362a5e21b929dc38c704c0a,9605269008448589,awarren5q@myspace.com
208,208,jdean5r,b92190b524bc29cb6b4929fdcca1cf22129e941da92da28c9298c1e8c3bfd785,72291496149253,gbell5r@microsoft.com
209,209,kmitchell5s,f4b837a4338e542dc0c14d5953b06c43929ce02685dea1ef05312ef4048be506,9813584260,rwood5s@51.la
210,210,dharrison5t,6ce960a5926b884e594ed555a6dbcb7adb9b0d8515c2dcef114ecd2961b21066,,esullivan5t@goodreads.com
211,211,jarmstrong5u,7754a5726b1ba7da6a2d0faae3177ff0e8c7047e3dc1316607289518f3fdae62,918467402298,smason5u@stanford.edu
212,212,pspencer5v,2f5d3857f017ec31af2e28f92ec483e8e54deac0812669188a33cb68ab88c130,,jortiz5v@soup.io
213,213,jtaylor5w,f898e00d64fb1042a14bd58df744a07dd1235499f4a184ad0608f17a4341780c,,abutler5w@mac.com
214,214,wphillips5x,0c7104c9e732866495bbead06be0e0a9c8bdd01e44b738a76be1d89e2db8535f,,cshaw5x@bbb.org
215,215,mspencer5y,08613536d21f06c3ffaae5c5ed0b085e1c93986776357731d1385e851d2f69a6,,kfrazier5y@accuweather.com
216,216,vevans5z,7b5657abf567c76365ad30804fa76a14d2655592e2bedcb60f8a6d24a2190dff,9698558607658,jwatson5z@meetup.com
217,217,jbradley60,94edbc2a0fc7582bef911e6bf448cd1d25a204b8d362311d8fa09b52ddbc5d49,,hsanders60@addtoany.com
218,218,pnichols61,dab079e3759010856004c4f73df3a07082f2b576597e6d3e7a004f4df537a9e7,8118352979099,rmedina61@prlog.org
219,219,rlopez62,027c582e67c4046eaffd2e207030fba24219de6b0192d5027dc4595f6bced31f,8260502157586,sjones62@behance.net
220,220,awalker63,94fbb90245377a992bfad1a8affa916883168f33f325093900e413f10f339512,90947606150501,elawson63@sakura.ne.jp
221,221,bdixon64,855d5254fe2d8ec31d688c276b449a1c6ab9bf941d9e186dcef2b2c58465bfe6,931200735841,
222,222,dlynch65,af5c902de1223885c414cb5f89d22af3e2e25568ba0f543c40b664bcdd67d20b,,jkelley65@about.com
223,223,lburton66,a7e71e84f56a295eaad2e7fdb3c445ebb282ae1c88a2ec302642d27db294ea78,692116627526,eschmidt66@vkontakte.ru
224,224,sjackson67,9d3c8b5276c9458018729e44db5553ec1794a4c15eab927dced74a32256db7c7,9072971622,bhunt67@reddit.com
225,225,aferguson68,a49be6cb9243d2caf0673d73c75ae302cef19e86ee5e3eb92f3ce994b6acbaca,91171665228,ttaylor68@feedburner.com
226,226,cpeterson69,79df51e5ba9f95aeb6e9d216475d5232f232aaf20a5e5252b62f2615b6929314,91327955807,
227,227,pwillis6a,6ad705069bc28b2dd66475af3b4a9c708026c5c74199e48a0a25cc85c89371a0,90974043532800,jwagner6a@hatena.ne.jp
228,228,kking6b,aea324e6b48560937f727e8f263089d4290383173991c69ed94033de0b26fe18,,rbrown6b@networkadvertising.org
229,229,jjones6c,aa9c261cc81be942aab2e6199a463ced43970ab84c0fe69272644c760037e6ad,,rsmith6c@icq.com
230,230,jmorris6d,4057e2ce0a9311cc5cb78917129db2bb201a1ef982167e6445637bb3e204486f,,
231,231,wclark6e,9c08250cc28e07b212819a5d74e8cab75dd06e980875339a4ba03ba360c1eeb6,753574177133690,bduncan6e@squidoo.com
232,232,danderson6f,d327b1785227846ed7b841b2b1e4cf6a00c365c34b7ca8ce8c0dccd872da0404,89619445592584,kpeters6f@desdev.cn
233,233,lmartinez6g,0f4b8572c3901dd3d84e73b53176baf00c0f6b035c883bb18a7dc3f003b61dc0,793305806856885,dstephens6g@google.pl
234,234,ecoleman6h,7e1e7865d8e810184b7a2d23ba598147d5f262ef112609e74f5b36406cd9ea44,,lpayne6h@newyorker.com
235,235,astone6i,bee3145dca1dbda6a436ddf9228552a89147a0bac06313675b0d51b31fd78a51,888394274413377,dlawrence6i@archive.org
236,236,pburns6j,3c64d3dbe1f48d1c2a29d1cc7037937defb454ad489be2d3fc387ae2ccb8aa34,94433746957012,lalexander6j@stanford.edu
237,237,jbaker6k,4c50b6bf13ee2f1e19029554a6c3f751fdace36915af9e236901445ce7ede8ee,,kcarr6k@facebook.com
238,238,psimpson6l,fb1091009162c25274939e49edddc0ee2448aaf9a366fdea6f75a745bd00a701,9615147625,twest6l@hatena.ne.jp
239,239,mperez6m,736594c0bd1f4b5f26a4f6c398d18ad171c7e707332d7e2b7a47833bf80b3275,,jbutler6m@ibm.com
240,240,jreyes6n,ddfbc926f7d0f7b96ee38f932a8e111026286d1972ae3b0268b5817f92036426,9424139537,raustin6n@de.vu
241,241,swest6o,99ccb6fc7443d4a4a5e2dfccec2b6059b77394c7a48596386e78e5b8fa9b7d11,88795625192,ccampbell6o@arstechnica.com
242,242,cmartinez6p,903f8d91c6a6912a66bb438b5d1d578b97a8e88bf83ded4ca3e60a89ae31efff,9290392098,jlong6p@digg.com
243,243,crodriguez6q,21cf3aa50634a7a8c8a406759632d3d76dcb7f551d0c27d8473b884ae1e4985d,965503900158,mnelson6q@csmonitor.com
244,244,snguyen6r,4002f0453ec6d31c1ba8a5a9928cdd717cb1fd2277e3d3e3dc90e5a84ec9aeec,9544380131,jarmstrong6r@blog.com
245,245,ldixon6s,527e1347abbdddd84cd5a920211c10571e00054dd97600f8610eb05c61e99f09,74215519168448,ebryant6s@mit.edu
246,246,khall6t,3ceef59675abf2626fde6fe29313d48c25c57ab5b78ec08091d26d61c8fd7fa0,9285042895,devans6t@blinklist.com
247,247,aromero6u,dba03a906ef78bc47d2310c2658e8ea14246584b527e9b58c076614740b51afa,,bnelson6u@google.cn
248,248,thughes6v,652a9a7c3685220bb2d76db5b93a73976076cee083cc391698b78e41e210ad64,947613377869,pmyers6v@wordpress.org
249,249,darmstrong6w,c7f863fe4bdfc3452905bf41e4c021b067e50099eed6201213e5a0491464767a,9432242451,dwarren6w@miibeian.gov.cn
250,250,lharris6x,60f76788e13c9ade7ae242b1bc178c5ed551894cee784a093e1e3204a77195db,,smurray6x@last.fm
251,251,kross6y,b537a6ab87117b68efb98f078c6ada9c8ca6b89d661ca7b0c6cd3f31c592fbd7,92757207734603,cwest6y@google.pl
252,252,pblack6z,8af0322d3acc7a8176f34ca6ec41fcb9f7bd37557d34d61e37fd097e839b4868,5073057661142,cromero6z@google.ca
253,253,msimpson70,b3469160feb176481ff9c582709fbd3d25d97808eb008e2deab996a4f0661a5e,3195343440778,cperkins70@ameblo.jp
254,254,dmarshall71,4e88f554a0ff20ec2c415b6bb2334e323afae6ba1a071895f272a0978abc617d,5780868333483,iparker71@tinypic.com
255,255,agardner72,76600a710c94dd475ade8ff60d0283134a4e6e79a585562d173e535b6d6c6fb0,919171068350848,achavez72@house.gov
256,256,nreynolds73,1f35cae0ae2b6f35ff565fc8f6f96e53aed6c4d0313dec603767d6c81235e985,,tburton73@list-manage.com
257,257,ecastillo74,4624e8d78e5822c208db5896fb9be7bb8a39c368aa1a4def487adafb5759d812,4007243363410,gwest74@example.com
258,258,aedwards75,2014d65022a5e65c6c417868984c598527fae81105c05a862628a4090de4bf3f,9599795491,breid75@rediff.com
259,259,mwells76,1778034f1ebd739c22d3dfbefd7f6996f77a7d4e4034a47f3dffade7b541a63a,820850244978728,ereid76@goo.gl
260,260,rmoore77,add7d4c08eb6689eb01d9127e6fef016438bd7a47723f2522b0237816d9ee82b,896999205327086,bbell77@odnoklassniki.ru
261,261,mlawson78,3f898e14ca7ac0b29ab11a4028d288ab4cf124eb485a87028c1d0628a5fe81e7,,sbradley78@symantec.com
262,262,thayes79,9a6a6d0c01e6f9ce85c802e963f1be75e7cf6b3e89da1e082347b56da4aaab98,9275837050,acox79@a8.net
263,263,aferguson7a,97db4670a1f2ec78f9fb050177ab9cd30d75eef9d28afaff664c75ed2e2a7191,973079041350490,arobinson7a@si.edu
264,264,jtucker7b,8dd3b98dc9f5b4fd4da754eab4aae9a5f61f3e82796ce49bcfd62961161ffcfd,,dlong7b@de.vu
265,265,hboyd7c,288e9d94cd9ebadcc6fa2ff1059bb718499dc598ecdff1f016d320ded0300cd0,84736018129,mbryant7c@yandex.ru
266,266,jwatson7d,fd6abd8fb5d36c7a4db09e0e343a12e78484e4ba78a635189a8cd15faad52948,94371159183381,jjackson7d@imgur.com
267,267,dhoward7e,022cb383f4b5df2aec6669519e86e822574b35100db3bc5173eb4bd21ce15cc3,9317276031239,vmyers7e@ftc.gov
268,268,jmcdonald7f,4cbcd8b4140f664b9cd3cbc9c5e9cb53f18bc245c24ce644ba3c8e6e4d07ee28,9360193391773826,jphillips7f@geocities.com
269,269,ejenkins7g,31fe351208003a7645898282603da7c9fe5f6d5f111c1115fe0d32955df4d37b,,
270,270,dlittle7h,6b81116e4b6b6cca8af3f66d39df3b3deb44e22b4c6855647201ee101b155d9e,,nking7h@odnoklassniki.ru
271,271,rdavis7i,5126f399a98fca4951d147ded91f18a043cb9438ed7a5e3be11347146f72a694,99361106671416,smatthews7i@plala.or.jp
272,272,jrogers7j,4dc173252f458f2b6c4aff5af97d6d81c61aa006695a86c074ece7ef7cc9e5e3,5840525098,
273,273,jjordan7k,04df100fbb8515b1770db2fe7a71134855a529de68e097c6232cd7b3c611903e,628480665139,cbennett7k@studiopress.com
274,274,mjohnson7l,148b6617f2a91fc1df6fa5d0b5578eacbdd9ca48a1f13044848369a86a75dd36,8087951256217302,
275,275,jwelch7m,d5ac1c77d667bef759984f3ad6a63018d5c7f28f379632fa09d92586f0e02094,942779547241,bwoods7m@sciencedaily.com
276,276,lwilson7n,0189055800b1ef8f74b1406640bf0b2750e0461bd68505f0c0cfb572aa2a6c81,835526328304,pryan7n@ameblo.jp
277,277,kchapman7o,87a9e5851429e32082eef5c1e8891a4b6bbdb719b703ebbd3f5f0fd9c4d2097f,911112534551223,rfrazier7o@engadget.com
278,278,abell7p,f25f0b49dfc9cc007b82b67708e168c9b9a6fb95e8070cfd29faf46d5e2d5816,6987525759191281,msimmons7p@exblog.jp
279,279,ccunningham7q,3d8823394d6a6ca03030b3a738ae34e139e90570588ee8b824da7b60ee654fda,9722998606389298,jmcdonald7q@gmpg.org
280,280,rcole7r,1cd394edb688067f2c127281f651d5057f8df994af7815bfda7e09745245f9c5,,
281,281,cbarnes7s,cd8b6abaaf0c4ed2d89059eceba83883c6baf02a44116f68685d011a7a22a761,8585457089970831,eaustin7s@wp.com
282,282,ncarroll7t,6580a73e7a6658b64fb769c7db4a061b371d093db6686826571751373f9684b7,9176982130796,fsimmons7t@e-recht24.de
283,283,efreeman7u,78357c427ce5b3e5bfd49562a0a678d67b566acb9e2c18e6c8f4c887746270c6,,swhite7u@slideshare.net
284,284,drichards7v,ab1f0675ed9b51b966ccf136020b25fd4bcc185794589c4477303463bf2fe808,998193508925,awilliamson7v@hao123.com
285,285,mmiller7w,4cf1d00bd0227067eed82003adbd1362cec6bc80356abb799094a58055506219,59166049416999,alopez7w@constantcontact.com
286,286,srobertson7x,9b93e97f60c7739dfb75a0b2c1d7290d156aa9aaee9dd64c211396cd642751a2,9034529061188439,csullivan7x@tiny.cc
287,287,lclark7y,399a3491b194f15d7c817319832674358876d83b17c1782249160a7d9ad3f4c0,64041652966,acooper7y@taobao.com
288,288,hbaker7z,dcd80be6e186effad34ef21674129b72c8ac15a9dc090818830aa767924b95de,8987746257755,jcrawford7z@yandex.ru
289,289,sblack80,4d24faed27060ee0a858cb5768d6ad5127f014282bbc07c9f78275998dc72001,,sjames80@123-reg.co.uk
290,290,jlee81,8d2b6e77402e4f70318fc737ca8173565388f56202796f9eee891cd42379d79f,,kchapman81@fc2.com
291,291,mramos82,197a6a3059c2fad10e439cd0469d7a977df2feb9057bb3950e84fafd9bf5bb38,,jtorres82@is.gd
292,292,rmorrison83,b8fdbbe67180c801a7c4db3542a89201e227a434aac36c1295e2019fa2a45954,,
293,293,mhughes84,dd42ddd9a9626ae96f4e86b9d276c0f065e27978459e9780ecd296ac1507435f,997378284893964,djames84@amazon.de
294,294,swilson85,93213ba5e2020019770cbc26aa12064b8016ccd1edbcf987597be9ca4861143c,806048332683,acollins85@lycos.com
295,295,bbanks86,3261a0f30ba709bec5759d62ca34a44cc726c0782115caf8bfb60304183c416c,8586028734680586,tboyd86@istockphoto.com
296,296,eadams87,5ec4d91dda01de65eb3672fc1ffb31dfd71d715c87e36a546888eefc282bd081,883632549141,rhill87@multiply.com
297,297,ksmith88,db97bb3868947f0762edb6e483b92e31877aabc970362d9316c58d27fbac35b3,9110437131,sreid88@creativecommons.org
298,298,bstevens89,1f1ec3f2325f5f418f961c89e1fe8cfc10f6a78a21bf1c30b276b7ec31345edc,,cmarshall89@tripod.com
299,299,wfields8a,0f8af4479289fd2cfc4f11dac8003603c0bc2b58819c9871a8d81026a10a3f1f,844497465623,tevans8a@boston.com
300,300,rboyd8b,f8bfea84ad1b98f7c1dd976700931971e42bd073436fb7b2709a941b9c8a3ac2,9126731873523440,rpeterson8b@msn.com
301,301,tparker8c,b35bd4657a2b7909e0bbd187066b8b500db209a1ef31f8699a9baf716149710a,8839287986,ccooper8c@cloudflare.com
302,302,mortiz8d,e4cdbef141fc14d53879122d36f942f894057991e5c9bf5711b9bf14ce96ce96,,bcooper8d@vkontakte.ru
303,303,kelliott8e,361851e37064a93a5b56b625487225ab2cae615b9af4e232848ba6882a16bd27,9322921433,tgibson8e@amazon.co.jp
304,304,agomez8f,aff3e820a9c8cab7cb127ec266e01dd300a5c01dc0ff434592883d5611ab90b7,,
305,305,dperkins8g,9aa1e4b668656c1e0378b92204707771bd6e0d8de1552cf81b90135fdf4ea35b,8855279253,jrodriguez8g@thetimes.co.uk
306,306,cjenkins8h,c31842694d27a88e8de1568b94a9f2c496a606626361df5cefa1ff94e33a4a17,,apeters8h@seattletimes.com
307,307,rwhite8i,60dbc260f12e65dc0f7e80339deb3e185afa37891e74bdb80c108239ebe01994,,jpierce8i@indiegogo.com
308,308,jwood8j,771c7c66569229186723664db744a7f8ae61530c12c64a18975f0525e381d34c,,sdean8j@accuweather.com
309,309,bhansen8k,d574dd681dd556aad14a1d2481c556c46a8738c4760456253cc2bc3fac6b86de,80828944359774,
310,310,jmills8l,8baa14c6204ea5902eebe864ef431a93cf1fb4c3b15cf48b654c1640834d7235,95741852465796,rwilliamson8l@guardian.co.uk
311,311,jknight8m,f308a82b76520014d5d2dd5dec181e8c6068142f7a8d11a5288537a5b794ceb8,96545770455108,eross8m@hexun.com
312,312,amills8n,f923636e19a8c5d8f62b1575151284cba4136385462f0523f81514073ee79ea0,9431335479053202,amurray8n@ihg.com
313,313,astanley8o,d476e4febfbb138ccd0709e0d3c82cf02f7613de800c6881ddca1228bf02eb25,,bwood8o@soup.io
314,314,kmartin8p,7f88948d078e66766d4d36aa07d984fe143161da977c02d37be796b06b615bba,30433148452057,chicks8p@g.co
315,315,ghanson8q,e9758581fea3bb52112ed8782fbf4f459a9b053136e088b8d45b8352a10a51f1,,swilliams8q@nationalgeographic.com
316,316,kcarr8r,102d1f55fe06338e9d428f1cf1a9a528160c43a3a1c695c3c7e21b676bc25e23,94029949096,kcooper8r@prnewswire.com
317,317,mthompson8s,bc467f3dd860a375449a412762e62eaaefa2b9a0bf6d1ed073cb9e12c119f510,7814835245585977,fwells8s@networkadvertising.org
318,318,vbrown8t,ad7b59e149d91e298873cf4b874cfc7245e05c35cb949a839ed740bae9036345,,mrichards8t@mozilla.org
319,319,jburton8u,7ebc5907ff204a4548a8c7f1393a7b3c3c8227b7bb6aac671e3d7b8c6fa53491,,mbishop8u@e-recht24.de
320,320,ajones8v,aa988d9e649a1abafcc407b68d0d6d89e410fcc89cccd8905ee75e82d18a0fd0,,kpowell8v@tamu.edu
321,321,bpierce8w,9504996bfd14d0e043831ca07330801fdbf5104b0bdead1637097e84dad08ca9,70014278163599,kpatterson8w@netscape.com
322,322,bgarrett8x,142cab80a5e384980942fc82ceed09418c31dee0d3b0d6bc78eeb147e1afa791,908012910915,jkelley8x@slashdot.org
323,323,dgarza8y,5b585ead725b44b445585d23419d204f9ae4ce39191ad215b3bc5f036d3095b9,,cgrant8y@dedecms.com
324,324,swilliams8z,df59ecb4710486f5d77d1cd8055781d2465cbcf2362c612c350f2aba7d500fca,7577264084,wbrown8z@cloudflare.com
325,325,nfuller90,6093ae6d5baf23cb42a9a523a0a093980f777198ab94a0513d98e030b3853c86,92013573334,mkennedy90@rambler.ru
326,326,bmorrison91,229df3a8c18c543a9b0e78e676d3509a7715ad8951b930f6ad2742e90c4dd619,894988178160139,jwest91@booking.com
327,327,aray92,29538e1d994b8e347086a7016c7226466f1f510716114ca81bd3e3786700407e,84942188320,ckelly92@tmall.com
328,328,djohnson93,9bcadfe15722ec43d99b71afcaa213e5369f3217b785b9d63223e1b148a75250,839900588601438,nperry93@last.fm
329,329,jhowell94,386b0aa727dca1cad31fde613b25d1d51b6b80a10079192a0eeacea5c161759d,,jaustin94@usa.gov
330,330,lfuller95,f204e3197b5b68b5c248a56c16cc2f7f0a130c3e721c782e8703a97ef437bda8,737627691884811,elopez95@ameblo.jp
331,331,mkelly96,5cd803827fb30cec09ae7c390953b11fe28e3b554a12a5011bc179d2d2f15c07,86660571935,
332,332,cmontgomery97,c8d2f002cd7afc663c948ae5a105161ba2460d90bac9e87a9e3da5f7f0123bd3,9577100802,tsimpson97@ycombinator.com
333,333,efuller98,3b881b5761f16f4cbb38fd03c02305a83a83972268a1a0a2f9d0eaad53e5f702,,khamilton98@sfgate.com
334,334,cmeyer99,be5d1fe0c6986eb2f773ad9a6802d66a017bf7ad64f337743a9b7afb140c9922,829640714831,aperez99@flickr.com
335,335,kfields9a,2b04aa2e582f07c0a0a4133b53bf2cda840e80990e0362dddee5c6befb40948e,6213427053564968,amoreno9a@geocities.jp
336,336,jsimmons9b,945b28fca094b5b4bb9627a4b94feeb058f3fdd90447f5a5974eac5b538f2f89,,gwells9b@google.com.br
337,337,lsullivan9c,7749a00fce5657823edd910f4ac15851b661ba0f3e581b11e448c26ef4a9894f,,kadams9c@adobe.com
338,338,cperez9d,4430895eacb38c9f8846dad1d8fedff80d95f4bb779a2b897240a3636fed9e5f,995669271175,cwallace9d@taobao.com
339,339,cjones9e,26ac300466a31f7386e4ca2f4bbfcb655ba12606fb9a554f703874ce1df5a603,934891715489,anichols9e@shop-pro.jp
340,340,croberts9f,94fd405247f918057c21a6709d677c8075bb211af28a9dcf98bfb84b8107ad46,87021631470904,jlane9f@ask.com
341,341,prodriguez9g,b07cea444289c40e2984f7f29851df5d4ac56338e79b045ed4e7760e6a78ff49,7881922858289,ralvarez9g@clickbank.net
342,342,pwatson9h,4927abebad004c37ebbc219b377dd5ea2198e05df5925cf39c4f837b3cc9a0b9,9897771699997,jblack9h@aol.com
343,343,hperez9i,e4684d8942ad2c3ae017e8a12fdae09ef2463be7347515c1d639d740ab800cbe,606711891408,pknight9i@bizjournals.com
344,344,tburns9j,ae39f218c0df1b4c764a975f19a6b5aad17cf23fe78f874dca153ab165f891cb,,asanders9j@usatoday.com
345,345,sbrooks9k,54bd3d51e19df1c300750eee0a3541ead69a38a19ef96e9373d59930905296c0,9445716870,jperkins9k@weibo.com
346,346,tjames9l,19619b22c895db3f6219e377417a8e66985cbf681ebb264f2cea54a5ed34fdf2,9872095656,awarren9l@shareasale.com
347,347,bwelch9m,12b06a3166fb93a2ca71a8bd25763492f97b95c77b0cecbd3e5c9abadca18831,7357763106921600,
348,348,tjackson9n,e2c8a3dbe50f90f8671db71144a8d80ddc79f942a3443514c80b6a029c435864,,
349,349,evasquez9o,5e4900c63616596a8a9f77233d896c09ad5a251b4840dc2d749e0aa90eaf6357,,sfranklin9o@over-blog.com
350,350,arivera9p,7a2fd01770e3936a9dac366b0e3be47d3d0919dfea65d98a9a936bc127c4b8bd,980868473082103,kwebb9p@netvibes.com
351,351,twelch9q,e9f2f3b12dd551b871059ee8c4b5409990ae611bf996192c2f78f23b2ba21dd3,83147801765,pdavis9q@goo.gl
352,352,acox9r,ce439e82f4ab251e95288674a793f43285843391473dc5fc663517d744aede60,73855083887,
353,353,rjohnston9s,9aea73391bfddb4ae34bfac6dcab27d36534a24bcc8a2bb425f76d79d2709f8b,9878434815260,
354,354,rjacobs9t,14f4fa90d33be16d2f89ef01a586a9e2b7f77590ed2e13005799f0fdccc2a64e,755587649979,tstephens9t@un.org
355,355,shall9u,5544b34ff332ceaf1902313839a4babf28966f2cc3616906be05e19931547d27,8665220407,acarpenter9u@nymag.com
356,356,estanley9v,2d27fcf1db857785b89a414e99f825d60fbbc1085eaf92dc48d0fd22e938adf1,9163644847470,rarnold9v@mashable.com
357,357,gnguyen9w,53525d9159e8d5a3c834d6e39f98595ef888324edc222c0fe7bd7b90cd1c47c3,9333424568,bgarza9w@gravatar.com
358,358,rreed9x,d284f8524aa7b07d98ad6f3a2307c3a389080362a2b915e745a6875fc86c701f,,rjames9x@aol.com
359,359,jreed9y,cc3b9f3eb8e27186f60daa13c2ea73fc0cc386040bef719904361dba1df64752,5405980192158074,mwillis9y@nih.gov
360,360,pchavez9z,e91c18b76ea36b660ac738469597c47656ea5b2418bf308c0ab8034fb4ed191e,988733480999698,jscott9z@economist.com
361,361,sramireza0,97b5008a3e58bb46d6f706d3e7704cda776efa77ea3704ff1def9b4ecb9537d3,9504232401,nfullera0@hugedomains.com
362,362,bcarpentera1,7c5dfe247ca7fd2d8c235bdb9fc46efa42e7139a675eea8f94c525003cb37488,978796415827,bknighta1@ameblo.jp
363,363,dwrighta2,8d270789569bd51e4da1993ef554e1530b1aac4884d28fad653ab846d15e39c6,844607047078780,balvareza2@geocities.jp
364,364,rbaileya3,f3cee40ed653bf4f262f0d429e5cb74bf6edbe96ea712964e9baed5cae34f1cb,9169389103765264,gwashingtona3@lulu.com
365,365,pdeana4,fd4c58de9101b08aaf521aa9eeaa493d6dd7e39999edd71c36e10f8af01ce1d3,927816457878,eriveraa4@youtube.com
366,366,afernandeza5,74471b6354792eab18e38c01590bd6a90bfc504eed238328dd1d586cfbc8e8ad,8138751285,jwallacea5@skype.com
367,367,cmorrisa6,f5018cda5ff9e27372306c11d530980b7ed152a0989997720a91ce31631414b6,985341068274075,phunta6@cargocollective.com
368,368,cblacka7,283156dd97b9f73f69f49a948330f268680f30a83d5fd9ef5e47227c8035eeba,5040054097,pbutlera7@flavors.me
369,369,jhughesa8,c2a9f697baaf5a255fd62680c5d52f567fb381d13c124b4b9eedf83aef190bd7,9945715851,alonga8@1688.com
370,370,wburkea9,979509efd94f62087ff8a2a61f2f1d2f9e2e82c6bc28950de6e0766b00abc34c,81067058412558,cruiza9@toplist.cz
371,371,gkennedyaa,68c72d253ca1e199f8b5c00754aea8f99726d0a551e813bd728eb5c587b59624,9290537221831,hmartinezaa@dell.com
372,372,dreynoldsab,7f7a6a38b946bd30d250a18bb32c2875ba51ad623768dc6549beac843ee8dc39,87567140284,alongab@ning.com
373,373,esimmonsac,9f8483db26b8d7bcbb312cf40a70a8edc4ecd5c8d55cb594d887e57daaf7c4bb,9735677895368044,rrodriguezac@paginegialle.it
374,374,mtorresad,27151c77c2d836072ccd2a0fa862bc6c410706f11f82b586e0550dac9dcd67af,,twebbad@fotki.com
375,375,jgomezae,70b16a2c7fd19ad469968ad73ae8cdc88f80e434aa2b7ed5d3d32d7d2b88d13e,90029316698799,
376,376,kturneraf,ff800a822597c944f08a14ebeac1bf3f672603a7756e6012f51503dbedd5ce4f,816757927328,ccastilloaf@oakley.com
377,377,eevansag,0cc872d705854fec6a435ce0869128c2c98a9b383ce20bbc9d84e1a9e115b21b,8898573369,ggonzalesag@sohu.com
378,378,bgeorgeah,f418f7dca0587ee187057faba46150b63be8d420a0aa2b09d7f2f17953411b5a,990566938372171,vweaverah@163.com
379,379,pgarciaai,4e89ccff6e924023d838fde494a875264db8ec1d840a6f35b7479cd5571ba3af,,rgrahamai@tuttocitta.it
380,380,jsimpsonaj,c0a61e63fcc7116b4926b973b7569ee8c8c85cb0f789510143667bdee67a658f,,jwelchaj@w3.org
381,381,jwestak,a9bc61d30d39e2fbbb734485e0539b8b6ab27c5fd74ef0f2799a5de2f59c843b,9662175934367,srobertsak@cmu.edu
382,382,fduncanal,2400f4745bb0bb484a4aa4c4d55564b1e295947f48269c5430a2769a46cdcb8d,,chawkinsal@nyu.edu
383,383,pharrisam,39cff92e42ae4d88ab18366661458a2402036b12ab342c6b9c550f6d204c3c69,90729594266,llawsonam@ycombinator.com
384,384,jmartinan,436f4e2edfbcfdc6bdb27cecfec6fffdbf9f246884a7119d08bf797062ba5c14,93716286959,jlongan@newsvine.com
385,385,kgarciaao,7bdddf2049645be863cd4117403b6744e28674c3d2850e23d755be2be3f74620,8337957398,nsandersao@cloudflare.com
386,386,jharrisap,3f546b2291e88498759af7ee86c90e2c7e4b15fa633aa87982a98faed111c9d3,7031496880329,mcruzap@hc360.com
387,387,lmurrayaq,57fc8e2e7146a915b08395e441203ec5cc2802c4da8e72a63e14ac7162739623,9211084458345,jwebbaq@cbslocal.com
388,388,tnguyenar,b422c4d79d16bc06e562b82ac4916e69ba874ca7b4879d9140391d80a99119d5,56094964178,wmorrisar@deliciousdays.com
389,389,efreemanas,8f9a6d5e44e3d337eb30a6fb300e133eeef927283fa65284d88c2141f547ce2b,921200373097,kromeroas@shutterfly.com
390,390,hpriceat,05f8ec32755230a7dcc92e5fb6b291e6980902056d6b0186f6482a74fb2aed1e,9744813483352,pwhiteat@gnu.org
391,391,bhillau,46588c9e0b084fb6929f2a1810fbba5e0d15c8d4774e4b23484f01bd95ecc19e,,wgarrettau@sciencedaily.com
392,392,hgonzalezav,96524144dbba36c6d8b728c8ac6eefd05558053c38bea3fc04a4ca258a00d827,6854242575285250,afullerav@delicious.com
393,393,tfisheraw,392dfec692a27e6852c48be86cba17f85bdd67f796bb3d1f344f32a1d88dde80,,rfoxaw@google.pl
394,394,mharveyax,5bfb0b4f323ef93b762dae70b8c08c20df26e1f16df7ed552b68c6323a55813a,9872498533157791,redwardsax@hp.com
395,395,srobinsonay,f52b8718f041284306a12156112f076369c15db53c923dbc4777415ed7c06c56,81823136068,awagneray@geocities.com
396,396,vromeroaz,87aaf27b481d2df1840ad428206201902237503e47cc5980f7f5e200dc8db3e7,8076010828,dandersonaz@miitbeian.gov.cn
397,397,jhudsonb0,f7256c24696ae98254870dd612e8b3ca35585efef175399e8fed9ed56660752f,,
398,398,ljohnstonb1,5e773635621ca94477a9728f3eec6027ac7943dafaaf7e927a74c7c19ccf8145,6121082932399705,abennettb1@pbs.org
399,399,krobinsonb2,a12820230623f6862506861fc8512c5ae9133a269d64b3ed334df6da4d06bbec,85968462085172,rcarrollb2@tmall.com
400,400,dalvarezb3,70cf4b9ad97348c03e2363c9100cc6dc450ebecd4449cb93f937bb797c2d873e,8371589960,dwallaceb3@joomla.org
401,401,efisherb4,75ea377da8d1c128ff375427e2fc06a09df51a48ae812f7fde4ef306d73e23cd,909718133637,
402,402,wlynchb5,ad960f467927380cfa985e8a739d138563adedd7bcefa67a97f11e8fa955e2be,76271649812589,wadamsb5@stanford.edu
403,403,kramirezb6,8184a21435228bd6273b68cd21aad1714f4a6fa36f7390a8a59e8be829a93bca,922336323081,dwashingtonb6@netvibes.com
404,404,rramosb7,84afbd9af92ead9e1843baea7b407baa251dcc6ff9fdd9791864f3ced3bc0f5d,6422282645809,cmatthewsb7@wikipedia.org
405,405,sramosb8,dc7a1da8707ec854ce3fc827882af9ea63b79f7c77d03dd01a20659ccc571d9b,9786693976,lhowardb8@instagram.com
406,406,msimmonsb9,055554baaf15cae021da50b15c949bd9e493ad5410cebd408d69adce06b90201,,rmcdonaldb9@ehow.com
407,407,bdayba,7dc841d8dad45e284caa29fc5c684c8d580303bf8f6896786c65e24f2fd1865b,869812363796,rramosba@mapquest.com
408,408,sbishopbb,569c751ee67c82f93a8785bc0f5ab73167200060e603b01ff09668ec74e6cd57,96875744324804,
409,409,lburkebc,0bcad65e02d00d05ebcfbb8bf7405d8d6467418f8547b4df042b9f9bf5c75f36,864377369324202,dnelsonbc@aboutads.info
410,410,rgonzalesbd,8d8eec141b2106908d6a7bf9de1be50a48782e71a5d6a22ad5e4ed76250a1ad7,984923796813,lgreenbd@bloglovin.com
411,411,kkingbe,122b9626b148bf66721d9a1375b2dbb8f13fc88d47b23b50dd1c0dd0d7c7f68f,935802265411,jolsonbe@oaic.gov.au
412,412,jkellybf,4f9915332f989c543aa5f4c5c8f3572c1272a30c7b0a293560556ef99d9038dd,8115469078,cmurphybf@bloomberg.com
413,413,cstonebg,15609ee35a260d1f3744158bdc90d46e122ce7665c86d3b7da5034cc2015d689,910514424191839,ljonesbg@reddit.com
414,414,jgardnerbh,fafd3ecdc75dc7cf2bb6c48b89c8527b66b2b18109631b47bd940d2f981f8dbb,90398573803031,lmartinbh@phoca.cz
415,415,rharrisbi,451aa12720d62cc0dbe5c5be8436a63bb59fa370a3f631f7eded532c56f19ed2,190467865652501,
416,416,jwrightbj,251dafeb98590e51daf4e5b8bb6757bb11f1083710f43cbc84366de757ddc20f,,aperezbj@rakuten.co.jp
417,417,jpiercebk,5ac70bd488e814bf1c5bafe0065ddec8e0de91afe4d3d325b0a85b5e39ef9536,999481049095544,
418,418,wdavisbl,fb2f1964234dbe3b4385a324b1a76f602b4342ca59d478b7d2ad6a521cabf0c5,789996003284617,jfisherbl@discovery.com
419,419,afranklinbm,cdff8ec82555c78b88cf4fe2ba8c79666bcaede7d32a3f436b6743f43147db7b,923611083153,hperkinsbm@sciencedaily.com
420,420,aduncanbn,dbfcbee916e4bf05917d3a16b18c8c92ec826f179d74b22826b0566f1224d291,9820198826381955,jmontgomerybn@amazon.com
421,421,rpetersbo,9d06d2af2854ffd54cdd490f45a69d58553a61d349331b451ad179829307b501,8002273195558,wlopezbo@samsung.com
422,422,fdaybp,54f62c849fbd02b5c347556ca27c4b27a4bbffc5207c9d443a5dcb4725b55174,,csimsbp@nba.com
423,423,bstevensbq,aad562b164d63c86ab356dad81e1433e57d950f27ee3ecd3e7225791684cafe3,,mramirezbq@scientificamerican.com
424,424,charperbr,11fc7bdd77c10912ef113878506e7b79b83c47172a3cc9ee9b7eb9d00a33e242,,
425,425,smendozabs,b1a2c62821398e79d73e64c66f35bc3f1c42debae0c358e464fab5b1d4ead769,9574495073,
426,426,ptorresbt,80a7fcbc91d5bf580630ae25431f3b9c5134cc1ea16da26060d56147bea17069,46163445459,mpowellbt@liveinternet.ru
427,427,kpattersonbu,f0bf10ad963fc5f9f76532dbbe9cd3ebc5a1daf823bcb0741df065e11f68c5b0,,lphillipsbu@github.com
428,428,rsnyderbv,ba077bde7d164a1caee216bddf49c9ccb8fd22d587ead06965847065859627b9,,cgeorgebv@baidu.com
429,429,mtaylorbw,583a72b3ea2c7ad15ee85c194197c8d202b6de1893310af6c291bd933938f780,9788700325628,araybw@apache.org
430,430,ahunterbx,26c91ee81854e03e33284f3952731a4ac74117aec14ee1dc5645672db8355463,9958966935695123,mcooperbx@umich.edu
431,431,jschmidtby,58d7abe37f3919ae52cdf03f7b584d9138511d4bb9459aeef8129bb8a009a9e6,809211501997018,drileyby@forbes.com
432,432,llanebz,d7c2d0b325ac0ece712cb0c39aa327b99385e3d09d942be39ff7e3aa1a809709,948426730575537,jfowlerbz@issuu.com
433,433,lcookc0,a4dab90ab18a35c214cfca49732cc8a97c154cc52241a9e48a7b68f4756736f5,,tandersonc0@java.com
434,434,wmillsc1,9e3f1d330b51ace8ab2bb864981f601d3d5e8f753bb742a43eb2bc4959b2b8ba,,
435,435,lmurrayc2,9e278289e3e6ff4bad385ef421b22b01660a97ebd3eff8faeb7e676be892336f,9129877983661,
436,436,marnoldc3,250c18c34b786e70d30d42ebc28a72b6abafc7f4489d286faf0c08b36820c8e6,,jparkerc3@slashdot.org
437,437,grichardsc4,fa8feefc921f279b07d3f424a1664b1d0b62b26856b0b182a068d5ecb61edd91,86248088119,
438,438,ecruzc5,d2943c573a485ee39deb553dedc1aa36347af800d92265152739576f21d75ef2,95667679636262,jmatthewsc5@skype.com
439,439,rburnsc6,b0e77bb423d4b9a15d649d24ae477a9714ceb576f97e801e49a9010e99e640a5,9724687170848166,pfoxc6@shutterfly.com
440,440,cgutierrezc7,cf5daa328a6eab8090bb5adb1c558bbda078b30cb981d167a1512120aa156623,941531187013,sgarrettc7@webnode.com
441,441,ediazc8,369aaeaf0c9e5c1307bdebdf20c618f3c3366889cb3511b5e785633c1b27678e,6993042100799,hcarterc8@networkadvertising.org
442,442,twatsonc9,f9f0c8ebd0afed94adcbf880a0ef31c1e23a8a8d7ce6fded4e224a6291595497,89032550947351,jwagnerc9@independent.co.uk
443,443,dryanca,b8c0591087e962ae3e914f1a5bbb7d4ec1a8c86eaa32f1ea2f40ced7a937f649,9819958708,bmatthewsca@topsy.com
444,444,lmedinacb,6780d7ce1e73040f73a047e57702c481fde9d614a02e8bb1d13c22f577065e37,76394646283533,nnelsoncb@cisco.com
445,445,adunncc,0b26ec675c3a3c5ccd60aa3db328a18b9ad8d5c4d344a161a20009f12f351c6f,,rperrycc@comsenz.com
446,446,jspencercd,8c1d40f17324201174a22e974cbec3aa64ca7a5ba66b5faa7ab9663cf77bfb16,,rcookcd@ihg.com
447,447,jsimmonsce,eb7bb7c86076bf8ee93118da3673448c717416a866b3dd0c643f82446d8d81a1,9380649420,cphillipsce@nbcnews.com
448,448,phartcf,6363690dbf30d33d64939f2afa8893d4f4975759168d0d7c4f2339ad78c61c22,,
449,449,srichardsoncg,17bca5a87971b37544a33cf3fed2e54d9eaef8c22e0a34a7312eb2bc1d90d825,,cgilbertcg@washingtonpost.com
450,450,mrosech,37f51a3b79fca4d3627035c0738fb278f4fddf28c41804756fda0887b9087d30,44457297728,cmyersch@sina.com.cn
451,451,afisherci,a59977f88ec306b330f796ac9236b7f898c31ac3b93b15609014985583bdebf7,88893540173550,acollinsci@sciencedirect.com
452,452,chowardcj,690291b7bcd7a2e6bcf5e71cc8d18df5cf8046f130bfaabf2a04dd8f1a20c13e,,dmartincj@i2i.jp
453,453,pgonzalesck,0bb51571e974be95535b2c559b0ce7579ae904431c9852bae28ecc147b738d70,,jallenck@wikimedia.org
454,454,anelsoncl,a0172934dd1288c0a3aeabe270a268250a152288091be7aad179eeb2e917bb83,934846775883435,pgardnercl@yahoo.com
455,455,jmorriscm,e2cecd4f4ddf5e05efe30b261db626bf87713fd150f5e8fff45be5446b68feaf,8179423226092,brodriguezcm@wikipedia.org
456,456,kmasoncn,9b008f9f411610157a53fe84b07a865924de02e9148d1a409ca714d60e9b9072,,
457,457,dwilliamsonco,e539cead285ada347e8231ba57055247ce143e99d3aa9704ba4b93260da630f4,7987516173334756,djohnsonco@opensource.org
458,458,dnelsoncp,23406d3a3823e1d78c6bb5918da79db2a6e2194646b6af771fa9a35dde74a82c,87711093264,scastillocp@ameblo.jp
459,459,jcoxcq,39f665105c894ef411cd93ed358db69c5ee6022b78270b996361c959dff2f670,9605303689,mhudsoncq@virginia.edu
460,460,cfordcr,fdaea86e62b7f68cb69522ee0b3fda8ba74374e9691c4b1b3e270ccbff7888a5,,ahenrycr@com.com
461,461,hfoxcs,d0c34e916bad248db966de7537d14567a2ea0dbc737c17305ea576316a29a5a5,97940878550,acruzcs@marketwatch.com
462,462,rhansenct,7403fb8d0bca5af09cb81556f01d09960200c4d12d9ec92f4d6ccdf61d08fa79,960013217322157,aramosct@fda.gov
463,463,tfieldscu,5c871e66ece5cf67dfbd800048e4966573f77c0343aa99c5bb64270cd40a04b9,854296494687,rrussellcu@opera.com
464,464,landrewscv,a4f456e92ac465d8d24ad579920d0fa29a72bc2d55bd35d2ed55028d06022d19,9958653017967495,lsimmonscv@bbb.org
465,465,mbradleycw,d2c7f8fb728e1b009abc115af542892c99fb6741bb98b226e73e0a06cb7b0a93,804667926703,lkimcw@tiny.cc
466,466,lkelleycx,c732544ad5dea19ea3afcf9c22c890f3dfb510a51881a8bd72987bf28d5f9974,,iwardcx@yelp.com
467,467,jflorescy,5706920a2580cd927de0dedfdc374b6ec953a9be895d779e308c420206adc1e3,9552049959,
468,468,ameyercz,38ede3e8e8fa3f5c96803372b94cdbdf9c2aea5baafe5cee9f480ba36c307725,9592934396689812,carmstrongcz@senate.gov
469,469,jwilliamsond0,7d2bdedc909d47f957d97e24ad595ed1e91aebad767031d4f9cd9462781474d8,711898792568,nstanleyd0@unesco.org
470,470,klongd1,2c1376ede391bef398163d1cc8b4bd88b613ad720b028b36e2727a8223346906,,abradleyd1@bbb.org
471,471,nfieldsd2,8f98aad868fd6f4052ad5284aeb4c294c3dfebdad0be32cc798cb2734a54b9a3,957416072864,aallend2@wikimedia.org
472,472,bramosd3,eb517e5be3d275b329fb88297ff85125b4798fe9f84d9418ee41b888b71644ec,,aalvarezd3@jimdo.com
473,473,rrobertsond4,1638fdc1102d1b6292dbb90b0117260f3a018a7e43addfb4866cbb1ac034176c,,hmorrisd4@eepurl.com
474,474,philld5,83e1983cd29d61ab35e96f78aedac51eb6e742af3c0584d2aae774ceb17a8fdd,9792073123592,sadamsd5@1688.com
475,475,aromerod6,913e69307ae267a4325d01803b5820b48d2c6998d5e3cdb3799c19d6c400ea6d,9817928834709,
476,476,dpattersond7,7a1d44254f82ac778901aa19685c4ed89db8660d392029c22594808139e022f7,834784587712,
477,477,nparkerd8,eef32be962b6abd2295660b51da365e04397bdf79fa333147b27c32ffc3d7952,94213543593,jmitchelld8@uol.com.br
478,478,awallaced9,39a624bcee9cb293ee72d24e3569003a3dd950d1f53f05dfea563f987f8b019a,,aarnoldd9@paginegialle.it
479,479,pcarpenterda,49c77b3f5d64d3aafb453460c69606e8edc48d2939d39752909c38617260e6b4,99959468653,challda@free.fr
480,480,emeyerdb,f7d34594b6d52c854d512c15675c578ac5619c22391170eecb3b0e30a92a3137,943553571074723,dstewartdb@vistaprint.com
481,481,wrosedc,83915cf25438b75b6c288e1edec33b91982b95afc02422cc845b8529d5f9f8c4,35630924902038,holsondc@paypal.com
482,482,wlanedd,c8630989a4fc8b845a0440d505debc8ecf1a4bd34c875a4d294744e878b58c70,986550495108988,ajamesdd@163.com
483,483,smoorede,e382f63a197d1734003b4189c8370decb2a3dad0810f166c1a12ebf569a6979f,80429391945687,jarmstrongde@symantec.com
484,484,arusselldf,bcba4c3c39d5bf6b955b8f17c8ea0ec7a9602d348d0cd66f4ce6a4a309aa1d3a,5584160296767325,kwilliamsondf@chron.com
485,485,ccoledg,ae908f6a5ef5eefca394e71fa5d0f5d85beb781a892bf0d500f6b3a984a12879,263158746808586,hhuntdg@earthlink.net
486,486,ngeorgedh,5e50ef8a6de2192a81cc9dd80db8117447c63437fe13bc1f300bf45aa0ec697c,8395136269009327,mstanleydh@bluehost.com
487,487,rmyersdi,9058270634ecf0316b8ae9b91c68af9e825941355e5f7f24b1f73db496272c24,905362178856,rhenrydi@163.com
488,488,sfranklindj,f0b17a64e570b9829dd4849e51d51268771bfa7a950386883173859159c4d128,,mfrazierdj@nba.com
489,489,hjamesdk,c5c96edbba25afc30c59a6e13650b058bdb481bfee12ea5c02d593951111dd6e,9833600315148,
490,490,phansendl,175b4adb89f66916bff08484d56acd918eb2f55d9f76d90ea1078690b94cf890,,tblackdl@narod.ru
491,491,btaylordm,9effe659299496b0950ddf6cf91caa950995fb9a0530537baa3dde4bd4cfbc3a,8136975557676919,
492,492,ahuntdn,55d77d5973ff701bf17642dbe4f93a0fda51a76f0240487aedca94847957aa96,,ccolemandn@live.com
493,493,jmendozado,c199dfb705ccadc4693a7796cd0cdc3895c8cf02163eec3db8053eb039d02815,705621248448057,wandrewsdo@earthlink.net
494,494,pbaileydp,3ed6d89443f496067668043b066e54755a53df243f54c04195db21f97c66dfaa,9846363397905539,hhowelldp@xing.com
495,495,jmorrisdq,949e99d1aeb04b8ca743124f390505f75e32acc55e8e97056f4f62425dc3b0e6,93043255620740,
496,496,rharperdr,b46e51d02ef4515a0a87effc198b0ce10edd44d62730dda0eeb9eb2be60c3a62,6469232599,ajenkinsdr@edublogs.org
497,497,acolemands,ee26998f1b799b6cbe6dcef1fc45752a4763716965e57b81ed457c83fe7dec2f,,pbishopds@prweb.com
498,498,kbaileydt,f86517db91a324f91463ea78e0b52996fa6696e6fd9b3574457faab549196bcb,8080596809,cpaynedt@adobe.com
499,499,jbakerdu,211a674596acffb5fcde837d0f9c7f383166f4282390b51a3d1453285751a870,9851851100,jstewartdu@mapquest.com
500,500,jadamsdv,b28c2a3cd084e607f307a6ce024cafdff8f8ff7ca62143b8fba89c6deafefeef,9272232427381,jboyddv@china.com.cn
501,501,kmcdonalddw,77c3cfebc43b41eb3f68c9f3c1b42a951d5bdaf5877994bef7c5bd37a319c35a,,sbryantdw@sciencedirect.com
502,502,rcarrolldx,5b2d64ef6089a449aad80edc59925c4793fa46842a77d5ce8fe4194bbca4e063,709799935261,dgordondx@blinklist.com
503,503,jkimdy,87c3f0bced2fab07403f17060e44adc72cc9116e266755d3667f487558f95d7f,9310047972893339,jhansondy@bluehost.com
504,504,jjonesdz,c6af3ac36e21a23a189c329b6a383d4b2f47bd81dc13434f216e2c4eb1a41caf,946031122110007,afosterdz@army.mil
505,505,dsancheze0,2d6f2f5fd5aa2fc083ce712e81cb2a237b0858d082a610b8c9a93c858a57ed9d,112123830916,jmorgane0@storify.com
506,506,fpowelle1,2b8dd709d71d4e0cce088fcc3aa49a1aa62c7f0d9608fb9f5b000e15152af5cc,,kcartere1@spiegel.de
507,507,dgordone2,885ab53d40d8b3205a78a1a630a2a92f67f8b61f380d169dc6989d350f426bca,,cduncane2@economist.com
508,508,jandersone3,8f874d2aef44d363c7d896fbc8df43518c2656f2dcf1fd6f87a03c4152b7a9f8,9596322859326327,
509,509,dmorrisone4,9b198061c89177ef86016fa32604ce703e8293e7c4810732a722038effaabc15,8068791562276298,ehowarde4@springer.com
510,510,smedinae5,3f1192c08ccaeb694bab68a1f05c3438bb82acfc7daa9372f628698123fe5e89,890441704472,whowelle5@loc.gov
511,511,jdiaze6,899c9f21bf454b0cbed3f6145760c05a5500d661840da12225706f7655441e83,98247715731,jjacobse6@mozilla.com
512,512,hcolee7,2782fc1777484a59a066fc8e43b33c9adb4efb67201eb4fe42e0786585609a1c,,rlanee7@yahoo.com
513,513,rhunte8,4396be553d55b0e4f1a3f87d9c662b8ff1680d102e416069625e4e59c81ced85,,randrewse8@reddit.com
514,514,bedwardse9,dc0553eaac0a8f3890f05955873019e62f619781a778f4d4af3e572c58029fda,9018922210,irobinsone9@geocities.jp
515,515,dhunterea,bb2d3ca034e8992959f5be1be70bae969ae58c084eef9f34ae8f495ce8a358c7,90432239124,
516,516,drosseb,5d4e4058cf410c3dc89e59524e1561779174c20bec3fb35a58f72551396100f3,9236731011,jwalkereb@acquirethisname.com
517,517,iramirezec,4cac67d2fa738abeaced5e7b018c8265324699493472d38113d148919624e09e,,sstanleyec@utexas.edu
518,518,abradleyed,8d223dd1fc7660dbc3a632c8ef819c42eba1b39e9da96001b932d0071a9120c7,,
519,519,pcookee,b600f4226d8067ff99414d9412d0f20a5ffe1ab0773873f8013cbddb63f7211e,8564359765432,bperezee@xinhuanet.com
520,520,chenryef,47660510ab2e49e5582b97048641ad85cdd89f19592c31cc645c12837949645e,959209033711858,jfoxef@dropbox.com
521,521,ckimeg,ee06bc2a3a088ad6e592d029a7e210164b93695290cd8ecb7d831b547f753d4d,8204520211,agilberteg@tuttocitta.it
522,522,abennetteh,234871bef09b2178b981144e0eec88db21abe7656d2b46ff4515a4b19f7398ad,756144742196732,jramoseh@senate.gov
523,523,ghughesei,14d2c30b6f795fcefb55f1202134b587486414a24bf65924eb0566512ecc6650,962525071916,rthomasei@joomla.org
524,524,bpayneej,d9319205f6f98dd26411c82af8afcb93b08b8fe0bd3c4fd41f61a80ef3eab164,7227629261032201,pbellej@wisc.edu
525,525,jmitchellek,8ff0228ea954b89a64ea4c41c7743bd06b379bc73f62f5b765c844d8def64fe7,6215907738292347,paustinek@ow.ly
526,526,lmendozael,377e481af9c77c9bf576d9a0bb8833edb4e1ef7839674067ea96763aeb9b3f8a,,kmorrisel@dion.ne.jp
527,527,kmillsem,2baa34be110f29a047316e66674a58cd01b4c305ddda9fb5db08bf37cb3aa829,9743650672409,fweaverem@fda.gov
528,528,pmasonen,19aa61489c42689ede6521acb29f94abed3c959760a62f89275bc5544a6ca0e9,90824270151,crodriguezen@hud.gov
529,529,fturnereo,f76feb9f6d50490ce6086590a2e003eda0db0699e0777afce01f75fb06ca169b,9439183004,
530,530,msnyderep,c618801040523c71a8319e27bea57e0100ceba38dd89f03ba164c1f4bb0e4786,,cgordonep@alexa.com
531,531,lweavereq,3126233166677350257be1e72038bd987c29102ed27c8d4b301c4a64a3dc0cda,,nkelleyeq@archive.org
532,532,ithompsoner,eb2e7be2773cf4aea5aa028533c236831e0cb56dd7f473e6ca736e9f306f4eb0,8584249326090,cfloreser@posterous.com
533,533,rjordanes,78c3a9a71bd58f9da91b25559570c4186b900b6cc9fcf348de3eed0c576c669d,844726998822509,slynches@buzzfeed.com
534,534,clarsonet,ec2eb8a9a68af37189e6e0bbca001898ddfa1193198a0057e71960aec7e9596e,8483629597,cstoneet@tinypic.com
535,535,ghuntereu,bfe133c9fd6b553ea98cf0f7d47c0270c0c4dbb5aedc72a6a178a7b77dfb30cc,9830097146,dbrookseu@studiopress.com
536,536,bhartev,11d1bd17acc1379d64def1004aaf22866998a40513a9317216648f921da6679c,9817380784854,lrileyev@redcross.org
537,537,bmorrisonew,0f4696d0f1be174a1ed899c7ec81b694d2c4154ba95e549b44f16e213d439165,8481480917,
538,538,ajacksonex,e449765b17292443cc83d72a75827b04389305b42b2a74350037089ca09d9f69,9663299268813,hyoungex@ucoz.ru
539,539,jblackey,d7fbe0f6992f28f20473f8aa4b1d585ce87fab3450cc231e142aaca172d3e847,98627850693,bfrazierey@a8.net
540,540,bryanez,4b5001b3233038de860a7ff1d530b986f193fc861b00665d227ae3a569c8093b,,drileyez@goo.ne.jp
541,541,bfullerf0,66e9834ec8ac2a9f2064fb143617fb84b8a00cd45351253b571792ae9fe7f19e,9551641933,pbradleyf0@people.com.cn
542,542,sgonzalesf1,22b21ec435b564b22362a39211967d3fa8385632f2ac5a4617f7905df36d8cf7,6657642636697059,jwestf1@independent.co.uk
543,543,dsandersf2,e7e7d0181e42bb99ddb26d3bc85a928eb6b1ece3b32fa87b56ea7eb1020dcb83,,ddixonf2@arizona.edu
544,544,jwatsonf3,ce1714be185f002f53f3d158ce903f7d458b35ac8018bc6a28291647cfbcd12d,959151495725836,jwilliamsf3@privacy.gov.au
545,545,sstephensf4,2878c9ca5f427a603e449240609ccd3dc138652ac9bba9e026f93dd744e662eb,9338903299,pfreemanf4@home.pl
546,546,kmoralesf5,2c91852ed4769a93d0310e75f99a282282a9e167cccc378fc076d60cd964e426,945710578078,trosef5@paginegialle.it
547,547,mlawsonf6,32bfd280756e061ba7a264540977dcc689bd0956c87afd225f1d77c59978fa58,8766723225,jsimmonsf6@bbc.co.uk
548,548,apricef7,8ccc10720d6d1707d729fb99caf8b3e9e10a88bd8317670d1d0af260bf4c7b4e,,jwarrenf7@paginegialle.it
549,549,jhenryf8,7a7cb57c94ca17e67de48cb722b66281801cd2dedd36ce94d5d97fdc80f5149d,9971357199515,mgreenf8@dagondesign.com
550,550,pthompsonf9,7b7c5c636e135b6ebe210d3524dd201a4cd7dcbf09c3bf19820cbeec2171b9df,,pwillisf9@msn.com
551,551,dmasonfa,c2751a86a60aa5f92884e66aae14539dbffb785e5740bfd21695f0a4d97436de,936950829692291,igarciafa@wikipedia.org
552,552,sbryantfb,225bc52ceb59f5b800f9ce31155372a3b5c86a95162c1415546fb7d548ac40aa,9934138412940400,
553,553,taustinfc,5d1c383c3b35cd553de27c3a5a9b76147792cde81e0783ed4dfb01841581b351,3726584102,
554,554,sgardnerfd,f1fcb5206b9aeb2eccebdb33abcd1b9b3d939d5913bb7c755a56d1d787a2fd09,,
555,555,jtorresfe,a6c057cf58e6edda2b1ece7a80215e3a5df71f5e2a6e2f27ba4878cc947fd3eb,,bhendersonfe@java.com
556,556,egarzaff,d3c8280ec6953eb3531c28310e07309a8b3c175aa97f7998c05ce626490ccbb5,723168917632,krobertsonff@4shared.com
557,557,amartinezfg,25d29f0c70d80ff3187c773f5dbb43fbb120e0b156d1fc1adcb8ce72cdd5f184,2212124208214,mlanefg@zdnet.com
558,558,mmeyerfh,7aedfa68bbe11d97b1be53e289be16227141f807aa2967208b8752bd601099d2,849733651661,lkimfh@elpais.com
559,559,jarnoldfi,4ed411a9cf273c707459f227b69b492c94f25c30f5553231dafa49d6e7ad6c42,9986098769804,gevansfi@addthis.com
560,560,ewilliamsfj,e859e37818371a7167bda9739c56e7f7c7e9d44f5fff0fed071805bd6ae6303d,830679025142,
561,561,awillisfk,70449c7ee86d3afb6b3f086130f647825916fccb9cab516da097bebdaabba1e7,7001180839575,
562,562,kriverafl,19623ffcbdb0db1db0ad72fb4901d3c6708908eac282380baab779e974c28c4d,8461253193216,pwoodsfl@gnu.org
563,563,jallenfm,88aa4fd60483d66597eb921ba23a6c02cb16c2257a13638d28c7dc36c964d3d8,8159014318477587,cwallacefm@nytimes.com
564,564,dwelchfn,accc2028d616ae14b5cc1bd1cf49b50b33fdf04c4e505f6268278cb9206cd0d1,785855105608431,sallenfn@arstechnica.com
565,565,arossfo,884a4b49326ad4debc60c13c48855e987c70d05d502ea58659ab7adc3488bccd,,jwoodfo@loc.gov
566,566,lhansonfp,ea14be0ba9fec49404bfd4261c777a412635b374ef24db5458af2b5355d97fa2,92141203503326,mhenryfp@parallels.com
567,567,jkennedyfq,41c1ad2fdbd1b028e1265954fbcb324bd4a093f68462512ac1a975c9384ecc14,8940264136588,arayfq@theguardian.com
568,568,sburnsfr,88ea948c5a7a57b920da2cc2e6095fd9fd88bea404cf0622e944a75e7a27f037,99988102725728,brileyfr@youtu.be
569,569,jfranklinfs,0e8eb7ebcdaf3e774586878a2c6cbc827812de499ea6d1bfc5f395525a590456,655741991288046,aarnoldfs@buzzfeed.com
570,570,jwilliamsonft,0e839aa5399d644cd665fa4a56219b49d63c29cb6d8033508a84a83d17257817,,krussellft@boston.com
571,571,jramosfu,ed905d0a80df9f52b07fe36e3bb5676f5348f9f18cc5eaf4ff943be5e1a7bfd4,,aoliverfu@last.fm
572,572,hgibsonfv,f9ce8c26e0bbdc27d872e8be70aa9ca098fd82443092b323b70b2de559a17aea,802760310627722,sburnsfv@washington.edu
573,573,lbrooksfw,88d6c841fd9c4bb56cb7930040c3b1252afdb7a20e7e4cd29cfdb123c74b5d28,,jrodriguezfw@uiuc.edu
574,574,rhudsonfx,caf1a9a0e1b7ae31990497567f7fe7950c157d5db682a5dcc64d1a32b97dfff8,86523838546,hwrightfx@netvibes.com
575,575,pjacksonfy,7fd2105867a9faa6867a030b15848ed38be70c0d7cf6e911b5ab4df840679e05,95130264589,rstanleyfy@feedburner.com
576,576,jcarrfz,563087c6efd94ee15c6bdac4c47fc1c85833d44ae15eb0bbd2900f42782d37f0,,mcarrollfz@typepad.com
577,577,kevansg0,2b35b78fb733679cc8083922d959d63126303d31cf6b59b851a73968be9a1dbb,,skimg0@squidoo.com
578,578,kjamesg1,b3b3051b623bac286f0925a2cef0c85f424da0d59619a195e8f98e805ca4c13c,,mmurphyg1@amazon.com
579,579,rlarsong2,844cf57c3dcde12c9c1409d8c4c428c8dadc5fa822344ce861155b9ed2764172,9215048324380679,
580,580,bfoxg3,3ed15752bcfed8a39e03e5988063ddc88e042b4f8060f07bc133ed11e55420a6,,tburkeg3@nature.com
581,581,dkimg4,0ab876bb212e9af7d5d77690b58ee6ab72cbfc3c45fc2954390daccfa736bf17,9179501340,cdayg4@uol.com.br
582,582,rpowellg5,b68d82a6ae899fc74c91d6dd777a7f49d6834dab382bd9e7d73e29ca8f5d4be5,81236425312696,dbryantg5@go.com
583,583,fgeorgeg6,ddead902aae84e3b051a2b1dd3cb0659a2417bc51d2d201026a18ec998dafe6c,7184715310,hfowlerg6@wufoo.com
584,584,aalvarezg7,c4057b1e63fee9d6b0caa4e32659e0aa0c565ee4eb3cb09deaee6853ff9196c6,83596580307,hbutlerg7@redcross.org
585,585,dhowardg8,a0dfe8fdd174d1e719e52bc870a55df080f2b0bcbbe17d1e7601ffe83fd0bed2,72831634498213,arodriguezg8@istockphoto.com
586,586,crussellg9,2505c8afa665608a4675da579e42c670cb8b5180745f78117381f19fcea01893,,
587,587,nstonega,89aa493e081befba05ad1204c0f84f423c05a2807bc56403410d29636d3ec687,,
588,588,smyersgb,c116c85d31f25a70c3e75afbb03e629404dfc587cab1ee12d52805a585dbcbce,,wcolegb@sun.com
589,589,triveragc,e3134ee497492bd03f04ef013c489238404847a84245099b2c7227c6ee17a430,953123463704,
590,590,ecarrollgd,20d4d94831137920a10e40a00a8e77c4f8d0cc1357fcf6558e7328146046e496,84836605051919,dspencergd@ehow.com
591,591,sfloresge,7fb4241c7966d0e4cc09ccd864e105925c5a0c2a2f4d4ba9b72ebb855e7104e8,8300741320499,jpiercege@1und1.de
592,592,lromerogf,7c380ea84c145d305ed9d09cd4caf0a1e809914c6bd05aa5d5484b6ff70e7acc,8735528164,jjacobsgf@tumblr.com
593,593,bmarshallgg,e4f63a71f1cf1852f174ee88789719451582e370dee05c2b7342eda2b9e1139c,945976657611,mjohnsongg@live.com
594,594,tmeyergh,a8abd448d7a01eade779d2f9465c1299cd914f7e00fb1e8a890153943572a83e,82425707743,hfullergh@deviantart.com
595,595,mwillisgi,3bebefd0e7d71339643e2ad07848296e26ec970f560d2027cb1f456047c68aa7,82747756848,egriffingi@multiply.com
596,596,mpalmergj,03f302df572025fce1f9706d7749629cef0309a7ee46df4c82f92a5c10a5fd24,86588703763332,scarrgj@ocn.ne.jp
597,597,jhayesgk,305d67a5d0dfe6dbbfe533d13b9a611d3e811e0b8460587cf5bfb86135224266,81919872878,jbowmangk@bbb.org
598,598,mpricegl,6d600742e97dd5219517cf8abaf12481689101a92aa6b1a8e9c1c39c45821153,89123118766959,wrogersgl@networkadvertising.org
599,599,wmartinezgm,bba004d757a3e2135b2cbe7730d279d2b5a4d181955eb003d5142e266ffe2124,,jcoopergm@github.io
600,600,wfostergn,bb1ea9c44a1b762a3b49dfe63c1a1018ad00a35193ced7ff0b2f24762ed1fa04,7792627988,dphillipsgn@drupal.org
